node_id,in_degree,out_degree,betweenness,pagerank
17f695abef9l0i1ujzrup5y0z7rw6,0,7,0.0,0.0005084358134138552
17f69b4ba0al0i1uk6s98t1nbtxunt,7,18,0.0,0.0006456219420954167
17f69d0313fl0i1uk8pokynv71bkz8,7,13,0.0,0.0006988653648224971
17f69b85929l0i1ukc4l2up7yp9v0i,9,18,4.8527489825846135e-05,0.0007626097327573459
17f69a3ca37l0i1ukd1lq14ctafbk,0,1,0.0,0.0005084358134138552
17f69a63610l0i1ukyx7xgx6vf0zoa,0,6,0.0,0.0005084358134138552
17f69590896l0i1ul0hnmor8iyf9xd,0,2,0.0,0.0005084358134138552
17f69878c4al0i1ul0i7dsfou8igrk,0,4,0.0,0.0005084358134138552
17f697240ecl0i1ul21nevug9wq54e,0,6,0.0,0.0005084358134138552
17f69bcfd7dl0i1ul502rklvi8tx62,0,0,0.0,0.0005084358134138552
17f69d4387al0i1ulpqqumwqw05j3c,0,3,0.0,0.0005084358134138552
17f69d7fe72l0i1ultk418yedh25s7,1,3,6.64760134600632e-07,0.000652572697552918
17f69c4aacel0i1uluegh15idblimv,2,3,3.988560807603792e-06,0.0007939204504010598
17f69a61779l0i1ulv0a3ru8iy0zh5,4,11,2.8413747467501303e-05,0.000656981653185102
17f69bd3c06l0i1ulx2jxbiogta1i,0,2,0.0,0.0005084358134138552
17f69637e92l0i1um8wqsflgk3i9yr,0,21,0.0,0.0005084358134138552
17f697f48d5l0i1umdbu7v5phffgq,2,19,1.329520269201264e-06,0.0005485887748374325
17f69563d15l0i1umhb4am3xzuib3g,1,27,5.318081076805056e-06,0.0005250669923529778
17f69d6ca41l0i1umlxg0j36mhrnzr,4,6,5.318081076805056e-06,0.0007709223946370732
17f698b7d2fl0i1umtkf7cu5a21hdw,0,10,0.0,0.0005084358134138552
17f69562d87l0i1umxu2qwle86ai8q,0,13,0.0,0.0005084358134138552
17f699b0755l0i1un48m87fngquaw,0,2,0.0,0.0005084358134138552
17f695b37c1l0i1ungf7vjojqaf4zp,0,3,0.0,0.0005084358134138552
17f69e151d8l0i1uo19hl8r6l0snmo,31,24,0.001000289898729175,0.0016785150200905345
17f69bcc1cdl0i1uoai2hm5tcbuhh2,8,4,1.1965682422811377e-05,0.0009705632333283916
17f6961da46l0i1uoh7hemoben3dtg,0,3,0.0,0.0005084358134138552
17f69559137l0i1uoqf3qzndh0901t,0,10,0.0,0.0005084358134138552
17f69518792l0i1up7fr7vzvqcmzf,0,3,0.0,0.0005084358134138552
17f69b39c43l0i1up7iq7q4lvvgyc,6,3,1.1965682422811377e-05,0.0012033666306424662
17f69625d6el0i1upqw478c5kvsjv3,0,1,0.0,0.0005084358134138552
17f69de1071l0i1uprrms3umg3rug,1,3,2.326660471102212e-06,0.0007246411396224494
17f69b43b78l0i1upyrupf0wna8q7a,0,3,0.0,0.0005084358134138552
17f69a6fae3l0i1uq63au7m71cs8mh,4,10,6.581125332546257e-05,0.0008290281396145351
17f699200d2l0i1uqbs9w1ijmp2ner,0,2,0.0,0.0005084358134138552
17f69bf3366l0i1uqds10qc8exqn1ik,2,5,1.329520269201264e-06,0.000679246774674544
17f699dadfbl0i1uqmgi50oii11eaj,0,2,0.0,0.0005084358134138552
17f695cb903l0i1uqqf40ik8th6wqw,0,2,0.0,0.0005084358134138552
17f69579c3dl0i1uqxt6ul73e103ur,2,4,2.326660471102212e-06,0.0007246411396224494
17f6969fb51l0i1ur3o74ppc7h3gl5,0,13,0.0,0.0005084358134138552
17f69aae933l0i1urbz9zyz3jjvhjf,6,13,0.00015683907442344243,0.0007798468586729454
17f69c5a361l0i1urf5b4r5s5cf125,0,1,0.0,0.0005084358134138552
17f695d42c3l0i1uriibjok1ydfodg,0,1,0.0,0.0005084358134138552
17f69725115l0i1urx3t47u0gfs43,1,23,3.988560807603792e-06,0.0005290267968622927
17f69ba1aa7l0i1us08w3dodkoeju,2,8,1.329520269201264e-06,0.0006103258559731175
17f69846e66l0i1us1stxjbqloi1z,2,10,1.329520269201264e-06,0.000583580340121856
17f696b2a70l0i1us26mtvbp7p85,0,1,0.0,0.0005084358134138552
17f699fafc0l0i1usmk2s2oybvx44a,4,4,0.0,0.0007731612339951383
17f6953dec4l0i1uso41jlanmo9c4v,0,26,0.0,0.0005084358134138552
17f695d390el0i1usszzihpctlfb2,2,23,0.0,0.0005416061499371352
17f69c4aefal0i1usvodp9osviy7v,1,1,0.0,0.0007246411396224494
17f696099a7l0i1ut7jqzmbg7hm5tk,0,2,0.0,0.0005084358134138552
17f69a82a2el0i1uta5rxvqv53g7e,3,3,1.994280403801896e-06,0.0009214271315469712
17f697d2396l0i1utcv9km3qxcnt6m,3,4,4.320940874904108e-06,0.0008787202603806953
17f6953f0d5l0i1uthl5j30bc50wdo,0,12,0.0,0.0005084358134138552
17f69c1bc31l0i1utrgxwhdp1csdis,1,1,0.0,0.0005861335691244332
17f69c68871l0i1utx4r38kpdj1yil,3,6,0.0,0.0006752107107834104
17f69e15137l0i1uu7e0w9qynlhveh,5,5,8.42029503827467e-06,0.000880202908520659
17f69b45618l0i1uuc1z6qlw7hnnq,7,10,3.564380531239579e-05,0.0008308679719721193
17f69814439l0i1uuifby3b0bn9gs,2,7,4.43173423067088e-06,0.0006394880745377782
17f69bf253bl0i1uuma3733w2zwodm,0,2,0.0,0.0005084358134138552
17f695140e9l0i1uuu2pjzqqsbskl,0,0,0.0,0.0005084358134138552
17f695022a1l0i1uv9aohy5ip9yh9f,0,6,0.0,0.0005084358134138552
17f69a5abc3l0i1uvfn18gmmqaf8jvj,5,3,0.0,0.0009375580970354849
17f69cbe6cbl0i1uvgek1x2hoimz99,0,1,0.0,0.0005084358134138552
17f698b6791l0i1uvgjwlxwarfpe7a,1,5,0.0,0.0005805042554833865
17f69b5bcb4l0i1uvn888e99evsdgh,0,1,0.0,0.0005084358134138552
17f69644c82l0i1uw7sqlk2v4b6bfg,0,15,0.0,0.0005084358134138552
17f699223e7l0i1uwcol7wflmcgajb,1,1,6.64760134600632e-07,0.0009408464658310438
17f69a078e0l0i1uwdp4xqjq6cpbxl,7,26,0.0002518111389867194,0.0007265959326422757
17f69bfa759l0i1uwfa0yrdvzcov1i,0,3,0.0,0.0005084358134138552
17f696318a4l0i1uwi4cr4u43opdj5,1,11,0.0,0.0005444700344486208
17f69a48308l0i1ux3rigvv37tx84f,0,1,0.0,0.0005084358134138552
17f69dbf58cl0i1ux7vft8wsk6ejbb,3,4,1.994280403801896e-06,0.0007947873935352569
17f699a40dfl0i1ux9v66kv7dyxcqx,0,1,0.0,0.0005084358134138552
17f69e11c75l0i1uxa6gb2wpb12ipb,1,0,0.0,0.0007246411396224494
17f698a5648l0i1uxs5sk4eq7dy3vh,0,1,0.0,0.0005084358134138552
17f697f4363l0i1uy2tk9e7g2jqcu,0,0,0.0,0.0005084358134138552
17f69a3b2f2l0i1uy2usy0fea155ms,0,0,0.0,0.0005084358134138552
17f69d3101al0i1uyefex03ulrqazi,0,7,0.0,0.0005084358134138552
17f69d237f0l0i1uytr06ed4gz92qdj,3,5,2.5260885114824016e-05,0.0007021927017610915
17f6963b02cl0i1uyzthmeyyq45wna,1,11,6.64760134600632e-07,0.0005416981712921005
17f69a6c3fcl0i1uyzw7a7ssn0qlpp,0,0,0.0,0.0005084358134138552
17f69a1be26l0i1uz1kl2dyuibof4d,4,5,2.2791776043450244e-05,0.0007386602998172364
17f69a36cf8l0i1uz6gmzy0dr777k,0,5,0.0,0.0005084358134138552
17f699438b8l0i1uze1493a9h5ipk3,3,6,1.994280403801896e-06,0.00067717156526163
17f699ad704l0i1uzmqfup4jxyto7,0,2,0.0,0.0005084358134138552
17f697e343bl0i1uznxx67p026exqf,1,14,2.2158671153354398e-07,0.0005372631902416678
17f69cfaee3l0i1uzongoyxg1dptid,0,2,0.0,0.0005084358134138552
17f69bc8bd6l0i1v03619u4s9j9ql,1,0,0.0,0.0007246411396224494
17f6992c3e3l0i1v0af3d14p4dcgzx,5,30,5.364772562449624e-05,0.00060221424915118
17f69cf967fl0i1v0cmt73nix34p0c,0,1,0.0,0.0005084358134138552
17f69ae5092l0i1v0k714w3s2jz8tj,0,2,0.0,0.0005084358134138552
17f69b19e80l0i1v0x2eima4yhdbd,0,6,0.0,0.0005084358134138552
17f69de0562l0i1v105zzs817wea9m,11,16,1.8613283768817695e-05,0.0007941775581077863
17f699179aal0i1v13n497m1yhps2s,2,10,1.329520269201264e-06,0.0005699011495154268
17f696d979al0i1v1775oof02bi8oh,2,7,1.329520269201264e-06,0.0006038093029378348
17f698d3cc6l0i1v18wptud2du5ts,0,2,0.0,0.0005084358134138552
17f69ca8b2al0i1v1pg987jdl4cd68,4,2,1.329520269201264e-05,0.0011826615717217418
17f6982dbf7l0i1v1r3i4p5cy7kvcs,0,1,0.0,0.0005084358134138552
17f6987c932l0i1v1t55h6j6fm1l83,0,0,0.0,0.0005084358134138552
17f69dc74fdl0i1v1wz3qrzn19aps8,11,0,0.0,0.0023908727754613796
17f6968dcfal0i1v1y8dnaop27j5qg,3,25,5.982841211405688e-06,0.0005616333480682628
17f69621aadl0i1v2f5fkvee5z6719,1,9,1.329520269201264e-06,0.0005516768786555739
17f697500cal0i1v2hh14qewvbrwrn,0,2,0.0,0.0005084358134138552
17f696a35c3l0i1v2k2s30hlu2y50j,0,2,0.0,0.0005084358134138552
17f6992d42bl0i1v2mmti9t0qkl5yj,0,2,0.0,0.0005084358134138552
17f69a221c9l0i2ojlqe4t4u5lk6pc,5,16,5.318081076805056e-06,0.000625586917391563
17f69ddf39dl0i2ojm1riku8s6qxfs,9,12,3.988560807603792e-06,0.0007933018554855386
17f69f1be7cl0i2ojly1jcpn4j09p3,10,0,0.0,0.003881936378019825
17f69af3e48l0i2ojme5z01n0gziz,7,4,4.653320942204424e-06,0.0012136791616797322
17f69b266a8l0i2okbqoh1wxlp59l,0,0,0.0,0.0005084358134138552
17f698fa9a6l0i2oki2yjnuz5pqjrh,1,9,0.0,0.0005516768786555739
17f69b2abd8l0i2oki2301lpwzqbe8,0,2,0.0,0.0005084358134138552
17f69f7be15l0i2oki48thaky6x3tg,1,1,0.0,0.0005506523622670362
17f69b259e2l0i2ol1q157ho9f89ia,5,7,0.0,0.0007559810128928561
17f69cd42f7l0i2ol82u1cg8l2ia3d,10,2,9.97140201900948e-06,0.001677464137830402
17f69de1218l0i2olc1m799deyzbgj,10,10,0.0,0.0008495285270216835
17f69ddef68l0i2olcp6li59r4nce2,9,1,0.0,0.0020976703288980796
17f699a4f38l0i2olkl6gze7y5zrp8,3,7,0.0,0.0006680012824711557
17f69768ff6l0i2olppqo9yb2ltjcb,1,7,2.659040538402528e-06,0.0005702087637591678
17f69b2925el0i2olviqhconjh7a7i,1,5,0.0,0.0005805042554833865
17f69c203c0l0i2oly55scrrz3xpp,0,0,0.0,0.0005084358134138552
17f699a9d79l0i2olzmep3owqdj2z6,0,0,0.0,0.0005084358134138552
17f69998867l0i2ommc4k9yu9xtixv,0,0,0.0,0.0005084358134138552
17f69b68561l0i2omq2dgwdcu8vtr,0,0,0.0,0.0005084358134138552
17f69929146l0i2omt69yecqm01d4k,0,1,0.0,0.0005084358134138552
17f6998a6eel0i2omw40wiu6ms1t9nd,3,17,0.0,0.0005731448283619761
17f69a4d1del0i2omxljdmymj6gaho,6,4,0.0,0.0010008609708135447
17f69b242a4l0i2onfyowzjcqnhqab,4,10,2.038597746108605e-06,0.0006768062290553196
17f69b22fd9l0i2ono62dded63kgv,3,9,1.994280403801896e-06,0.0006183704924517932
17f69c93f4al0i2onohm0srozqz4mq,6,14,0.0,0.00065884066295746
17f69bd66dfl0i2onozxtj8yo2qu5,0,0,0.0,0.0005084358134138552
17f69a1444fl0i2onsit6ui4qbh37,5,5,0.0,0.0008553596655153116
17f69b62be6l0i2oob07ui5payf2ua,1,0,0.0,0.0009408464658310438
17f699ebb1fl0i2oobc8fbwg1v80tt,4,6,0.0,0.0007491638168117612
17f698c6f91l0i2oocga05vyun858c,0,1,0.0,0.0005084358134138552
17f6996fdcdl0i2oog5491c2w2vvca,2,8,0.0,0.0006038093029378348
17f69a53534l0i2ooknu8c8fgegqyk,0,2,0.0,0.0005084358134138552
17f699bcb3bl0i2oow8kivoxqcuy,1,0,0.0,0.0009408464658310438
17f698554e5l0i2oowdg1ris9og1e7,0,1,0.0,0.0005084358134138552
17f69af9513l0i2oowjvkhmdl5ivl,4,8,0.0,0.0006833336718888509
17f69cd292cl0i2op4nttt4k4nvxs,4,2,0.0,0.0008428339422640825
17f69e0ee62l0i2op8mg1tq4mnfjjb,5,1,0.0,0.0012012597961439113
17f69f5e08al0i2opgccucgwqfl6n6,1,1,6.64760134600632e-07,0.0007246411396224494
17f69c47999l0i2opsy0tzdm0h1sa5o,0,0,0.0,0.0005084358134138552
17f69cd5735l0i2opwywnh7fxq5rof,7,2,4.653320942204424e-06,0.0015445429170380708
17f69c760bdl0i2opziqz256a85vp,8,2,0.0,0.001471754674782809
17f696fdac2l0i2oq2molwm1a5hu8i,0,2,0.0,0.0005084358134138552
17f6974b8aal0i2oq6qbzsegb120iw,0,1,0.0,0.0005084358134138552
17f69b6a938l0i2oqf3un7j999hkw,7,5,7.977121615207584e-06,0.0008294668628811188
17f69eff01al0i2oqjvfu73rchcwbv,0,1,0.0,0.0005084358134138552
17f69958b0al0i2oqm9ou8yw1ogg8,2,19,1.883487048035124e-05,0.0005865665457383015
17f699524dal0i2oqpa3288ofa2qpo,6,20,3.988560807603792e-06,0.0006192868850244315
17f69719075l0i2oqs9tcpu9et7pj,4,23,1.9024801947379992e-05,0.0005807397795823
17f697ea1d2l0i2or0eyxansf8mnh,0,10,0.0,0.0005084358134138552
17f6990f111l0i2or5bdgg2tnr0u3g,1,8,0.0,0.0005516768786555739
17f69e76b78l0i2or85s9z9chrhhg8,0,0,0.0,0.0005084358134138552
17f69d9a072l0i2org49ab76ad6ehn,4,2,0.0,0.0008216370855293889
17f699f1b44l0i2orwujvu4mfw544,0,1,0.0,0.0005084358134138552
17f6985df0bl0i2os10gas1pv9n5r,0,0,0.0,0.0005084358134138552
17f69c35597l0i2osam7pab26jygzi,9,2,0.0,0.0011769386880924526
17f6a3ceea8l0i6yrr9i9li6sityc,1,1,0.0,0.0005780348032289552
17f6a0bda2cl0i6yrtkvf0vjp9puf,0,1,0.0,0.0005084358134138552
17f6a4a6036l0i6yrvd9spb0xhw8tg,11,1,3.139883702430319e-05,0.0023894518415372794
17f6a47bf80l0i6ys0d6zu6xbqlwu2,0,0,0.0,0.0005084358134138552
17f6a58d8d2l0i6ys2scc9vx91u6pp,3,0,0.0,0.0019050469985333837
17f6a170239l0i6ysg3xam4t0zopmn,9,5,1.905118131780065e-05,0.0011404956899211437
17f69f92eebl0i6yshu9cbf402o9dp,4,6,8.641881749808216e-06,0.0006888912498563988
17f69f7b6e7l0i6ysj8mlloa8u65n9,15,11,3.656180740303476e-05,0.0010558205873710726
17f69ee8f6el0i6ysmpe59c9uqwri4,0,3,0.0,0.0005084358134138552
17f69f11a62l0i6yswxrtoktawxqv,1,1,0.0,0.0005949179438972928
17f69edd929l0i6yt0z56hlzhtjwzu,0,4,0.0,0.0005084358134138552
17f69dccb97l0i6yt6w0ys92ic7km6p,0,1,0.0,0.0005084358134138552
17f69eb0a50l0i6yt8vwaeqz4djpgo,14,7,3.12437263262297e-05,0.0011373755865616286
17f69d1f23cl0i6ytdsizgpbatwgb,11,17,5.9207969321762956e-05,0.0008829725931157926
17f69df2d3cl0i6ytiz05kga4oygzh,14,17,0.00020969858445976932,0.0010497191002467319
17f69d72c7bl0i6ytp7vgblxte06s,0,4,0.0,0.0005084358134138552
17f6a2f96a7l0i6ytu14rxjb7bw7x9,0,2,0.0,0.0005084358134138552
17f69d7f00al0i6ytxittgv1hoa7vg,10,17,1.7283763499616432e-05,0.0007563377072710233
17f6a0191adl0i6yu0apvoxijwr9gh,0,0,0.0,0.0005084358134138552
17f6a48e789l0i6yu31h78fyzf033f,33,4,0.0001627443602858114,0.004204382423930434
17f6a376603l0i6yuaiwj16jsztf7e,1,2,1.329520269201264e-06,0.000652572697552918
17f6a359878l0i6yufgzh9jcns3vb,8,4,1.6463892666942316e-05,0.0010800418658048715
17f6a5acdf4l0i6yuhp3y4ou046hc3,25,0,0.0,0.005872911963362006
17f6a53e49dl0i6yunvzzo7rq8l7cb,31,5,0.00011319915434913621,0.0032351872087998585
17f6a3d0ac1l0i6yut1mv1q5riwtbe,2,0,0.0,0.0008787202603806953
17f6a4b452bl0i6yuv2ywajxgixbnd,8,2,2.2601844576421487e-05,0.0014711166937166715
17f6a070695l0i6yv1st2tyq59xlk,0,1,0.0,0.0005084358134138552
17f6a4415dcl0i6yv78pnx35hqq3u8,2,1,0.0,0.0006776811833740945
17f6a55a3a8l0i6yvd9wioasyfq39c,2,5,3.32380067300316e-05,0.0007196154381982401
17f6a26dde8l0i6yvhv0sfaca0cp78l,18,4,3.32380067300316e-05,0.0018193778872956624
17f69cf16d9l0i6yvjvc9in38ydv3c,0,4,0.0,0.0005084358134138552
17f6a05a586l0i6yvqntjzd6hpa4jl,5,7,5.052177022964803e-05,0.0007865428745676822
17f69dc762dl0i6yvxw3r8a3zemfvb,1,2,6.64760134600632e-07,0.0006165384765181523
17f6a367a0el0i6yw7fx9h19jrzggp,0,0,0.0,0.0005084358134138552
17f6a0bd238l0i6yw9dgiguttijn5,0,0,0.0,0.0005084358134138552
17f69e78bd0l0i6ywdt9vwdes5tt4b,21,15,0.00023408736758848624,0.0015881871534308635
17f6a23208cl0i6ywofpwtfyw4q8jl,7,2,0.0,0.001032163891129471
17f69f93e2cl0i6ywpl2tdr0v79vp8,1,1,6.64760134600632e-07,0.0006165384765181523
17f6a353752l0i6ywvuiyio67jzpbh,20,4,7.511789520987142e-05,0.0024273013683325916
17f69fd0dd7l0i6yx1o187uqkxkf08,1,4,3.656180740303476e-05,0.0005594569267130292
17f69eb5eefl0i6yx32k657x6so7zf,4,3,5.318081076805056e-06,0.0009637830194886127
17f6a4720aal0i6yxmkks4qfttp3b8,0,1,0.0,0.0005084358134138552
17f69eb7e95l0i6yxnw6glz7q4fubb,15,8,8.825007339268439e-05,0.001275575357613494
17f6a01ad5cl0i6yxv6sq0qoo7tk0a,7,4,7.973956090757107e-05,0.0011199878840775107
17f6a2def99l0i6yxwb7eyuhvu38tg,18,10,9.03298229566492e-05,0.0013654281161315117
17f6a10de56l0i6yygvqflqpozsvd,6,2,1.4403136249680359e-05,0.002222995397383636
17f69e29ac1l0i6yyt36xomtyw80pr,0,1,0.0,0.0005084358134138552
17f69d42847l0i6yywsyxrvn97q7pa,0,1,0.0,0.0005084358134138552
17f6a16077el0i6yz89rtvo0b08wet,6,3,0.0,0.000977482505932881
17f6a4e77c6l0i6yz8ue9ura86soil,0,1,0.0,0.0005084358134138552
17f6a320fd9l0i6yzgmo2bwje3vtwa,0,0,0.0,0.0005084358134138552
17f6a57a3dfl0i6yzlyirzoe6ek9qe,23,2,0.0,0.0028551083753317157
17f69d8f6ecl0i6yzyadne1wptx69k,0,2,0.0,0.0005084358134138552
17f6a42b641l0i6z019225gr50ro3y,11,3,2.54679631726262e-05,0.001902048864162204
17f6a385eaal0i6z025b3timpwicqi,6,1,3.988560807603792e-06,0.0017631077474254643
17f6a26edb1l0i6z0c0l7q5bk6a84s,0,0,0.0,0.0005084358134138552
17f69fb509el0i6z0gtmfmrez3jub,0,1,0.0,0.0005084358134138552
17f69feb47dl0i6z0k3ravqm7glk,0,1,0.0,0.0005084358134138552
17f69f00cfel0i6z0mmodqv7jvdaci,16,4,0.0,0.0014111949569966344
17f69dfb029l0i6z0wqysfsnnae3v,12,8,0.0,0.000974302874616564
17f69d1db06l0i6z0z639orzq5og3g,6,9,2.469636658782189e-05,0.0008478344462387743
17f6a302bd7l0i6z12o9lq9y1lew9n,23,9,0.00019377757923608424,0.001936595809936741
17f69ef99e6l0i6z16kucxff07ajb,3,1,3.32380067300316e-07,0.0011462852935087051
17f6a21d89al0i6z17flcn6njlnoa,10,2,0.0,0.0013345061979560687
17f6a47d8c4l0i6z1hixh46ze7d0j,0,4,0.0,0.0005084358134138552
17f6a4a39c2l0i6z1owhunir5sz7ok,0,2,0.0,0.0005084358134138552
17f69cf24d6l0i6z1pyyc80cokt3a,1,2,1.994280403801896e-06,0.000652572697552918
17f6a5b8c8al0i6z1sda5f93o89ubg,0,1,0.0,0.0005084358134138552
17f69fbc645l0i6z1th5oc8w2y7kqk,3,6,0.0,0.0006450495290118552
17f6a2e238el0i6z20md0879bx2sa,0,1,0.0,0.0005084358134138552
17f6a3a9029l0i6z27h60v22c5sisi,5,4,7.711217561367332e-05,0.0010525807986164766
17f69f23c47l0i6z297epd0jcox8d,6,1,3.988560807603792e-06,0.0018297586345967045
17f69d31a06l0i6z2kyia61ityqps,1,2,6.64760134600632e-07,0.0007246411396224494
17f6a1704cdl0i6z2ohrqnekxuveon,3,4,5.318081076805056e-06,0.000794524519301824
17f6a37a5f1l0i6z2ptkcpanfvzxk,20,6,4.586844928744361e-05,0.0016645942178608428
17f69d38beel0i6z2uah4n55ouvrrh,0,2,0.0,0.0005084358134138552
17f69db3251l0i6z2uxrqc134y3ewp,1,4,0.0,0.0005702087637591678
17f6a0250f0l0i6z33camvyws96s0v,1,0,0.0,0.0007246411396224494
17f6a6452b7l0i6z39vw4cv451i5eh,9,3,0.00010275292366255482,0.0019085177732257206
17f6a54cd85l0i6z3dvc1msyzxgnhb,1,1,0.0,0.0007246411396224494
17f6a468558l0i6z3evwocwf8dyje,1,1,0.0,0.0006165384765181523
17f6a542bd4l0i6z3nv6rhyzwgpy3s,0,1,0.0,0.0005084358134138552
17f6a590e96l0i6z3ozc8rcbywnwpk,35,2,6.869188057539865e-05,0.007077098767353601
17f6a1094del0i6z3usa6gslbq7dbv,8,5,9.306641884408847e-06,0.0009746926617628975
17f69d18668l0i6z3zu42cdeukhk8j,1,1,6.64760134600632e-07,0.0009408464658310438
17f6a056aafl0i6z4af9sblixpdylg,5,2,3.32380067300316e-06,0.0012370271926944046
17f6a418567l0i6z4aoex55cxoyq5,21,4,0.0,0.0019005744141358137
17f6a474991l0i6z4cwbbfkzh4re1b,8,1,0.0,0.0017881713477603126
17f6a0988d8l0i6z4hc87seey9tml6,4,9,2.3931364845622753e-05,0.0007364853752257401
17f6a01fd7dl0i6z4m61s5fhcnqbsl,5,8,0.00013361678705472703,0.0009695237113535159
17f69d05071l0i6z4v1gz1oqx0zdoi,8,13,1.1490853755239496e-05,0.0007445877647865667
17f69e8a2b8l0i6z4x8r2r0q9rh0e,0,0,0.0,0.0005084358134138552
17f6a10d252l0i6z5198munduncnjs,0,1,0.0,0.0005084358134138552
17f69f69a20l0i6z54ww74ju60bty,15,9,0.00021365549002286832,0.0025335719645158757
17f69d7e1b7l0i6z5a4ncivwwpp2qj,2,9,2.8076882907229474e-05,0.0005814273592381088
17f6a4fb9a1l0i6z5hvvg1hhcj3ei,12,1,1.3954686952529136e-05,0.002441336577125674
17f69db88c7l0i6z5ndofcii9xrcxj,2,7,0.0,0.0005751676401359235
17f6a1f8766l0i6z5q9r5tu6mrj36h,6,5,2.2934224643721805e-05,0.000882110630547281
17f6a46e932l0i6z5rezx45hbss4r,1,0,0.0,0.0009408464658310438
17f6a3a46ccl0i6z5xed8ncsfqghvd,9,6,6.947851340134271e-05,0.001309701605812901
17f69cf2d89l0i6z60v1napt1t9k63,1,9,8.831813216836968e-06,0.0005255084492871065
17f6a59863fl0i6z6burs88c0miyu,6,2,4.3763375527874944e-05,0.002065132506014753
17f69f71f60l0i6z6caa01v3eaefsv,14,12,3.589704726843413e-05,0.0009859386640581028
17f6a30a47el0i6z6ibwvy43l0c4ve,2,3,2.7919925653226546e-05,0.0006439273483263212
17f6a13c3d8l0i6z6jjzorqhmoanqe,5,4,0.0,0.00080608436504084
17f69d1e7e0l0i6z6mt86j6rq8kd7k,12,21,0.00046338265874635556,0.0011538905312528064
17f6a21f232l0i6z6yse22dhf9ffk,17,8,0.0,0.00123420677393554
17f6a529d76l0i6z7317q6dcu048df,0,0,0.0,0.0005084358134138552
17f69f8a495l0i6z73t2p7blhg5kfk,1,0,0.0,0.0005346920810814944
17f69d9fd6dl0i6z7g6vzjb17ulqd,0,0,0.0,0.0005084358134138552
17f6a2e0377l0i6z7guw0djley785,0,0,0.0,0.0005084358134138552
17f6a593684l0i6z7nl19q2aff4zjt,26,2,1.5843449874648395e-05,0.0042402334585023025
17f69dd4a95l0i6z7rq2htblkttsdr,1,3,1.329520269201264e-06,0.000527997791388995
17f6a37e8a8l0i6z814i8ubxe1ty0d,7,2,0.0,0.0012546113671025763
17f69fd99f0l0i6z81ym04r89cha6i,16,10,3.722656753763539e-05,0.0011374594602495212
17f69c5a795l0i2m72bjeqbh713r3o,0,0,0.0,0.0005084358134138552
17f69869a3bl0i2m72p0sbjub568ch,1,0,0.0,0.0005416895589797522
17f69886115l0i2m7307w4njyfhwt5,1,0,0.0,0.0007246411396224494
17f697ae5eel0i2m74j1houvhsid9m,0,0,0.0,0.0005084358134138552
17f697edfb9l0i2m79bx2q2xwbbjtl,1,0,0.0,0.000652572697552918
17f6986ad2el0i2m7q7y6gl2myxkh8,3,0,0.0,0.0012540529906577766
17f69d3927cl0i2m7rak61iym4ek,0,0,0.0,0.0005084358134138552
17f699ae4a0l0i2m7xeop7sxh8y65e,1,0,0.0,0.0006581192053989547
17f6981bb8al0i2m7z49o4mk7lid3,0,0,0.0,0.0005084358134138552
17f699007d5l0i2m80jyrpycbrgzml,0,0,0.0,0.0005084358134138552
17f6961933bl0i2m880lere7qq0dqn,1,0,0.0,0.0007322579203499833
17f698e05eel0i2m8lxtk1iuo5pp3,3,0,0.0,0.0008420236056903286
17f69bc29c9l0i2m8mjnl6ac43o3sa,3,0,0.0,0.0013537422141729465
17f69c40d99l0i2m8n9bf756iumzy9,0,0,0.0,0.0005084358134138552
17f699b601fl0i2m8statevuowxrrb,1,0,0.0,0.0009408464658310438
17f69d83e6bl0i2m8v6af0i4h94ltb,0,0,0.0,0.0005084358134138552
17f69a3ca6bl0i2m99b111ivu2aamcc,1,0,0.0,0.0009408464658310438
17f69dedf7al0i2m9b4pz1v8jipl5,0,0,0.0,0.0005084358134138552
17f69e79661l0i2m9c3uzzwon60ru,2,0,0.0,0.0010327993811389412
17f69f08b12l0i2m9h4uay98lftdb,0,0,0.0,0.0005084358134138552
17f69f46160l0i2m9j5wvl4iyb5vv,0,0,0.0,0.0005084358134138552
17f69755f06l0i2m9ygrrte15vxjjn,1,0,0.0,0.0007322579203499833
17f69c93d09l0i2m9yixlupxvwoc7r,1,0,0.0,0.0005329918669383987
17f69a317f4l0i2m9zw0s2ceqss32f,9,0,0.0,0.002096763989904765
17f6973afc2l0i2ma51e7fflgwsv2m,1,0,0.0,0.0005789466718967653
17f69ad0772l0i2ma7gusqx8w2s1ao,1,0,0.0,0.0007665113265169323
17f69e77e65l0i2mam30d45d317ze1a,1,0,0.0,0.0009408464658310438
17f69c37b1fl0i2manq5puf8m7lj6,1,0,0.0,0.0005275422449278925
17f696f8b63l0i2maq3fi94tgr4s4t,0,0,0.0,0.0005084358134138552
17f69d5a094l0i2mata8cfyj4ci55t,2,0,0.0,0.0008027969900447181
17f69d6cc12l0i2maurcz3u35zq1e6,2,0,0.0,0.0005884308972102672
17f699556dcl0i2mb8hu2t8gym49k9,1,0,0.0,0.0006308439809059435
17f69a08d1al0i2mbb18pbuvaqj0nv,1,0,0.0,0.0005668715500173815
17f6966a9acl0i2mbedz4xx9r4lz4h,0,0,0.0,0.0005084358134138552
17f698b669el0i2mbhazm5831nokpp,0,0,0.0,0.0005084358134138552
17f69a8e6e3l0i2mbkue80sw8q9e9m,9,0,0.0,0.00515125956242045
17f698f0b5cl0i2mbvii8p3ju2s8p,0,0,0.0,0.0005084358134138552
17f69a6e7bal0i2mbxtdxxdlkbn228,1,0,0.0,0.0005569051563502215
17f69beb214l0i2mc1tu4e1udh50bg,0,0,0.0,0.0005084358134138552
17f69eb484al0i2mc6wcx3of77ezpi,0,0,0.0,0.0005084358134138552
17f699e2f56l0i2mcc0rz6jdgrnd4b,0,0,0.0,0.0005084358134138552
17f6967f4a6l0i2mcivef17883vmx4,1,0,0.0,0.0005416981712921005
17f69e439b6l0i2mcjzcnj6kp3he1,0,0,0.0,0.0005084358134138552
17f69ef93ffl0i2mcqpdy7v0jp2w4t,0,0,0.0,0.0005084358134138552
17f6981a517l0i2mcvl2m9zjgmsg8q,1,0,0.0,0.0007246411396224494
17f69d80346l0i2md4i5cedghtnq25,1,0,0.0,0.0006308439809059435
17f69f4ffe5l0i2md88ra4eyn71p2h,0,0,0.0,0.0005084358134138552
17f69e49901l0i2mdbbaoshgf9r6xb,1,0,0.0,0.000652572697552918
17f69f66bd4l0i2mddees047dl1w3,0,0,0.0,0.0005084358134138552
17f698df3ebl0i2mdikdnz45fhyrc7,1,0,0.0,0.0006165384765181523
17f69aac157l0i2mdq7xv2njkwl739,2,0,0.0,0.0010696471108784082
17f69eea151l0i2mdvyoq9hes3awih,1,0,0.0,0.000652572697552918
17f69ca396cl0i2mdysgmasljm2zkm,1,0,0.0,0.0005780348032289552
17f69810cebl0i2mdzlqf85vs5362m,1,0,0.0,0.002064798049759205
17f69f1bf17l0i2me5lh0rinbjahod,0,0,0.0,0.0005084358134138552
17f69f3a31bl0i2meai1xfwcvclxod,0,0,0.0,0.0005084358134138552
17f69c7e27al0i2meh9ln3g7iucc9m,0,0,0.0,0.0005084358134138552
17f699441c2l0i2men3bc9smd0h3jp,1,0,0.0,0.000652572697552918
17f696fcc61l0i2mesvptc01pvt2k,6,0,0.0,0.003167347995650958
17f69671b3cl0i2meu31aoc55gpu6w,1,0,0.0,0.0009408464658310438
17f69ebf5c7l0i2mf0jf9uvcbi972,1,0,0.0,0.0009408464658310438
17f69b84b61l0i2mfc7u9mll6xzntq,0,0,0.0,0.0005084358134138552
17f698ad77al0i2mfezbdn6jgn0o9,0,0,0.0,0.0005084358134138552
17f698e5adfl0i2mffrxjg7ruc39w,0,0,0.0,0.0005084358134138552
17f69cce4d4l0i2mfhyp49jkapcfro,0,0,0.0,0.0005084358134138552
17f69eb0b5al0i2mfvs8tpdxql60r,0,0,0.0,0.0005084358134138552
17f69c9c269l0i2mfxzgqbh7ffwoxe,2,0,0.0,0.0009497230054747019
17f69da1bd4l0i2mg2rzb8btkku3w,0,0,0.0,0.0005084358134138552
17f69d1362al0i2mg4cjo2nkqwii0c,0,0,0.0,0.0005084358134138552
17f698f564bl0i2mgkgv52gb259rpo,0,0,0.0,0.0005084358134138552
17f699e76bfl0i2mgmm6ms7zuiygi4,0,0,0.0,0.0005084358134138552
17f69a9bb63l0i2mgrk6uq0c1hc2ce,0,0,0.0,0.0005084358134138552
17f69b8ac92l0i2mgtov87be1r2nqe,0,0,0.0,0.0005084358134138552
17f699dd1c8l0i2mgue4joyaqx4gkf,0,0,0.0,0.0005084358134138552
17f6999ba4dl0i2mh3xyke5xw6a3,0,0,0.0,0.0005084358134138552
17f69c4fae0l0i2mh89ctxbtq3mamf,0,0,0.0,0.0005084358134138552
17f696bd5cdl0i2mhe4ogfvk5y4fnk,2,0,0.0,0.0010189733030760402
17f69a91598l0i2mhgmal00xkh3qlq,0,0,0.0,0.0005084358134138552
17f6998e8c0l0i2mhji8anu11st2mt,0,0,0.0,0.0005084358134138552
17f69755ab0l0i2mhph4nhezda1u7a,0,0,0.0,0.0005084358134138552
17f69dacb4bl0i2mhubpixrap5onq,1,0,0.0,0.0009408464658310438
17f69f56f55l0i2mhypmucze7mfrzc,1,0,0.0,0.0005416981712921005
17f699944del0i2mi3slb26ih47ryg,0,0,0.0,0.0005084358134138552
17f69d966bel0i2mi4tvwhnn8vetm,0,0,0.0,0.0005084358134138552
17f698099f7l0i2miaetoao4rp6xtb,1,0,0.0,0.001124752296446839
17f69c399c9l0i2mil0mh3d0ps7e7,1,0,0.0,0.0005780348032289552
17f698a28ecl0i2mipyyaypw22zid,0,0,0.0,0.0005084358134138552
17f69bb1acal0i2mitcppzloop1zos,1,0,0.0,0.0006245752024305577
17f6960e4ffl0i2mixrjbqp5ikjrdf,0,0,0.0,0.0005084358134138552
17f69cc10e6l0i2mj6tb3yh7hepkwb,0,0,0.0,0.0005084358134138552
17f69993058l0i2mjc4gismv720o76,0,0,0.0,0.0005084358134138552
17f69bb8933l0i2mjfr92f3f404f5,2,0,0.0,0.0006309519734784885
17f699ac779l0i2mjk3m8nufj4z7fe,5,0,0.0,0.0011464908309150104
17f6973267cl0i2mjmwm9vdpxj72u,1,0,0.0,0.0007246411396224494
17f69c6be62l0i2mjs3roacssjuxza,1,0,0.0,0.0005347708704848404
17f69bc3adbl0i2mjzcn0qc9u6t9bk,2,0,0.0,0.0007075288876749303
17f69e1147dl0i2mk2ygww3qoin7ba,0,0,0.0,0.0005084358134138552
17f69d3b50fl0i2mk6p38tb210zrrj,0,0,0.0,0.0005084358134138552
17f69d66ba9l0i2mkaapoatsule3ab,0,0,0.0,0.0005084358134138552
17f696874a9l0i2mkds3uzk8ol689w,2,0,0.0,0.0006555583949984613
17f69a76b08l0i2mkixrtbvunct38,0,0,0.0,0.0005084358134138552
17f69935509l0i2mkr8vjb9f4f94v,1,0,0.0,0.0005322042256741223
17f696635c6l0i2mkuc7ifimqdqkmw,1,0,0.0,0.000652572697552918
17f69759442l0i2mkz2ozy780lp1ia,2,0,0.0,0.0008099421074190815
17f699bc4c7l0i2ml02kvmdi9fv2a,0,0,0.0,0.0005084358134138552
17f69a15b4al0i2ml8g7pe7tcjmzqk,0,0,0.0,0.0005084358134138552
17f69922e0fl0i2mlawpo9eps0kqe,1,0,0.0,0.0009408464658310438
17f69dbb012l0i2mlliso8pvrpw4an,0,0,0.0,0.0005084358134138552
17f69b4d520l0i2mln0ngtae6zndll,1,0,0.0,0.000652572697552918
17f69a84cf2l0i2mlr7qukgvew5dt,0,0,0.0,0.0005084358134138552
17f69d11b53l0i2mlurz5othyaw2yn,1,0,0.0,0.0009408464658310438
17f6981d80cl0i2mlvehfutqz69f7c,1,0,0.0,0.0006495321838611279
17f69d11915l0i2mm7w192hcoirxvu,0,0,0.0,0.0005084358134138552
17f69c84fbal0i2mmf3h8h45isx18a,0,0,0.0,0.0005084358134138552
17f69654a3dl0i2mmit9ec0mmxu749,1,0,0.0,0.0005416981712921005
17f69e4cd2al0i2mmjf7o5gwy7nhbg,3,0,0.0,0.0007814862657214256
17f69866cf7l0i2mmw8ziuo0llo4l8,0,0,0.0,0.0005084358134138552
17f69f5508fl0i2mmwfbgtc9rn3v1n,0,0,0.0,0.0005084358134138552
17f69f1cb3fl0i2mn4dwszk6ivxz2,0,0,0.0,0.0005084358134138552
17f69d93dd7l0i2mn5cuabfm8gwktg,1,0,0.0,0.0006440554127969954
17f69ae9c57l0i2mn6m3td3uzlk5s5,0,0,0.0,0.0005084358134138552
17f697a0d02l0i2mnesx1dup5pg1u9,0,0,0.0,0.0005084358134138552
17f699e1038l0i2mnmh37d1nfbes3b,1,0,0.0,0.0007246411396224494
17f69625085l0i2mnshaufkjhe4gok,1,0,0.0,0.0009408464658310438
17f6993b974l0i2mnzpvp1ultcqrm,0,0,0.0,0.0005084358134138552
17f697ef5f2l0i2mo0qi9n0ri0imyd,0,0,0.0,0.0005084358134138552
17f69bbcfcal0i2mo7s8f4xhwr53ms,0,0,0.0,0.0005084358134138552
17f698e4311l0i2mo8fibxu670d50f,2,0,0.0,0.0013409576226554331
17f696d8354l0i2mogg6n9e7genjdc,1,0,0.0,0.0007335176792661077
17f697f9642l0i2molzde5v6dex4io,2,0,0.0,0.0009300799673001107
17f69a8e034l0i2moqhosmm855zzp,0,0,0.0,0.0005084358134138552
17f69b88577l0i2moruy4cidw6hrmb,0,0,0.0,0.0005084358134138552
17f697666c6l0i2mozt3d41gvlk4j8,0,0,0.0,0.0005084358134138552
17f698ef5fbl0i2mp1l1tslwuty9kl,0,0,0.0,0.0005084358134138552
17f698984e2l0i2mpau822kzbjamiq,2,0,0.0,0.0011008909285607996
17f69b9d414l0i2mpdus3zy2at76rr,0,0,0.0,0.0005084358134138552
17f6981f5f9l0i2mpl63u29r5fa3te,2,0,0.0,0.001157051792039638
17f69af90afl0i2mpmxqabln2xz5gc,0,0,0.0,0.0005084358134138552
17f69b068c5l0i2mpzgw13xb7y8df,0,0,0.0,0.0005084358134138552
17f69d9b8fel0i2mq0i7c25oc8ud27,0,0,0.0,0.0005084358134138552
17f69d1692bl0i2mq82mmh96k9rqih,0,0,0.0,0.0005084358134138552
17f69b3cf18l0i2mqdndclk0p7tmvv,1,0,0.0,0.0009408464658310438
17f69a0735el0i2mqkr50k38bz166b,0,0,0.0,0.0005084358134138552
17f69b78aa3l0i2mqmnrfo05lqjj3,0,0,0.0,0.0005084358134138552
17f69f41641l0i2mqtyu5zlb9bg8xc,0,0,0.0,0.0005084358134138552
17f69630438l0i2mqvzhowrb84vyy,1,0,0.0,0.0011653091492671787
17f69a39644l0i2mr10gkkf9agp8m7,1,0,0.0,0.0006278801971821525
17f69a7a523l0i2mr4q3lyuakdiubr,0,0,0.0,0.0005084358134138552
17f69c28019l0i2mrdirn1c1brqcqj,1,0,0.0,0.0006044254821473635
17f6967952el0i2mrhy8fpgqo0f4hr,1,0,0.0,0.0009408464658310438
17f696c58e8l0i2mrr461qyqfe46y6,0,0,0.0,0.0005084358134138552
17f69e3f410l0i2mrtcr66ff1g9p4h,0,0,0.0,0.0005084358134138552
17f697f4526l0i2mrynoucp5w0m96s,1,0,0.0,0.0005275422449278925
17f69b97ce8l0i2ms4ikyh4h5oxhve,1,0,0.0,0.0012218444510448331
17f69a52fdal0i2mscdgudt5b894m5,1,0,0.0,0.0006934406599119836
17f69bd98abl0i2msf1hgi0pk8vssd,1,0,0.0,0.0009408464658310438
17f69bc1846l0i2msgjjzgo3z9kwjh,0,0,0.0,0.0005084358134138552
17f69f6581cl0i2msjrduyrq5lzcub,1,0,0.0,0.0006914625261264834
17f696f226dl0i2msytg87r3uaqkyd,0,0,0.0,0.0005084358134138552
17f69dd1443l0i2mt2e1wsljt8hffr,0,0,0.0,0.0005084358134138552
17f697b13fal0i2mt2gmldy864m2zj,0,0,0.0,0.0005084358134138552
17f6986804dl0i2mt48ydii28an8a,0,0,0.0,0.0005084358134138552
17f69d071acl0i2mtig4ni1eefzjg,0,0,0.0,0.0005084358134138552
17f697bdfffl0i2mtpen4salledwa,3,0,0.0,0.0018056677706654208
17f698657ecl0i2mtswf7rb3f7u2l7,1,0,0.0,0.0009408464658310438
17f697036fbl0i2mtt1y66q5foxdq,2,0,0.0,0.0011409020442432385
17f6986c248l0i2mud577bnmdfh8w,0,0,0.0,0.0005084358134138552
17f69a25d31l0i2muhzfvabyqxiv2v,2,0,0.0,0.0010846342155329059
17f695f2681l0i2muinpxbngca38up,0,0,0.0,0.0005084358134138552
17f69efba83l0i2mv5car0cnamiotl,1,0,0.0,0.0009408464658310438
17f69b5132al0i2mvbu1p0fqlhzbjb,1,0,0.0,0.0007246411396224494
17f697fe6e2l0i2mvhwmvjnk9ek1hb,0,0,0.0,0.0005084358134138552
17f6994064fl0i2mvrzl0ze8veus3,0,0,0.0,0.0005084358134138552
17f69a00a08l0i2mvsxha1qmkpwnqb,0,0,0.0,0.0005084358134138552
17f69ea8ac4l0i2mw3htuchm8ubrxk,0,0,0.0,0.0005084358134138552
17f699f31b0l0i2mw5av5ayol4jqjn,0,0,0.0,0.0005084358134138552
17f69dfae57l0i2mwa08uny35m2uqf,0,0,0.0,0.0005084358134138552
17f69e47912l0i1z0lip3kamll88h,0,0,0.0,0.0005084358134138552
17f69cb5ad0l0i1z0lpxlgghg1a5nd,0,0,0.0,0.0005084358134138552
17f69bc7c03l0i1z0m2oonn1paf7l9,0,0,0.0,0.0005084358134138552
17f69d424cel0i1z0mj267csnydppy,0,0,0.0,0.0005084358134138552
17f698fa494l0i1z0mm3upwg29zx1p,0,0,0.0,0.0005084358134138552
17f696e0825l0i1z1b0yp9snq79rx9,0,0,0.0,0.0005084358134138552
17f69cd0b30l0i1z1b1wxix8w3nd5m,0,0,0.0,0.0005084358134138552
17f698b2c80l0i1z1bptckziolc5y7,0,0,0.0,0.0005084358134138552
17f69a78385l0i1z1czzifpit6ox3p,1,0,0.0,0.0009408464658310438
17f697244e5l0i1z1detjfd6slms6p,0,0,0.0,0.0005084358134138552
17f69717335l0i1z1ugb9kk8smactr,0,0,0.0,0.0005084358134138552
17f69aab07al0i1z1ujum0v02t4lr,0,0,0.0,0.0005084358134138552
17f69ae7f2cl0i1z1vi2pn3lxnbuv1,0,0,0.0,0.0005084358134138552
17f69ac860fl0i1z2dnysa6pbi4pu,0,0,0.0,0.0005084358134138552
17f695e1877l0i1z2esul0ltnftrn,0,0,0.0,0.0005084358134138552
17f69bee3a7l0i1z2fc6lkodwqn7x3,0,0,0.0,0.0005084358134138552
17f695d4f2el0i1z2y303232bvbqcsm,0,0,0.0,0.0005084358134138552
17f6973188al0i1z2yq2dinoi6bw1s,0,0,0.0,0.0005084358134138552
17f697b82e2l0i1z2zbvgg37zujx7h,0,0,0.0,0.0005084358134138552
17f69ce5a34l0i1z3ghagihivxr1l8,0,0,0.0,0.0005084358134138552
17f69575078l0i1z3hvssftszqfcdc,1,1,3.32380067300316e-06,0.000781679986619647
17f699e3818l0i1z3py7vre05m7hde,0,0,0.0,0.0005084358134138552
17f69557171l0i1z41hmz7jh3lkd3r,0,0,0.0,0.0005084358134138552
17f698e70cfl0i1z46kcgxebtfpmk9,0,0,0.0,0.0005084358134138552
17f69955de5l0i1z49nehfqmj45gnf,0,0,0.0,0.0005084358134138552
17f69d2531dl0i1z4jsm5titqsarvk,0,0,0.0,0.0005084358134138552
17f69a51074l0i1z4pallnm7f1pi2,0,0,0.0,0.0005084358134138552
17f69ae2e0el0i1z4s9cuuv3okbw3,0,0,0.0,0.0005084358134138552
17f69c9d615l0i1z5a6lrzcg89z4st,0,0,0.0,0.0005084358134138552
17f69e30537l0i1z5d38vjwm2mnuun,0,0,0.0,0.0005084358134138552
17f69bd53b9l0i1z5eu0n5wz5ntzp4,0,0,0.0,0.0005084358134138552
17f69c09b3fl0i1z5i8s4czdm29hd,1,0,0.0,0.0006115127750939431
17f6962abacl0i1z5t9om2a1tau3gk,0,0,0.0,0.0005084358134138552
17f6968996al0i1z5x4u91mr8eawhi,0,0,0.0,0.0005084358134138552
17f69d99dcal0i1z5xb44ygddyj8ph,0,0,0.0,0.0005084358134138552
17f69be8c68l0i1z60n8krxbcmu5lh,0,0,0.0,0.0005084358134138552
17f6950a8a2l0i1z6dbq0oi9fi4kl,0,0,0.0,0.0005084358134138552
17f6959b3eal0i1z6gieqkdipn6qdw,0,0,0.0,0.0005084358134138552
17f69846a4fl0i1z6ghc5th9zqh3c,0,0,0.0,0.0005084358134138552
17f695e071dl0i1z6jeqn98zpx0tw,0,0,0.0,0.0005084358134138552
17f69550850l0i1z6ttayiwnk136e7,0,0,0.0,0.0005084358134138552
17f6983e8a7l0i1z70f50kbxtxa1we,0,0,0.0,0.0005084358134138552
17f69ab06d7l0i1z78pkil3bve557,1,0,0.0,0.0007246411396224494
17f69d7e3b1l0i1z7a3m84mb5vo2mp,0,0,0.0,0.0005084358134138552
17f6989521fl0i1z7e7voj3cl6foma,0,0,0.0,0.0005084358134138552
17f695bf162l0i1z7hktcp73asrcps,0,0,0.0,0.0005084358134138552
17f69d3fc22l0i1z7svk9t9mb26sha,0,0,0.0,0.0005084358134138552
17f69baadd3l0i1z87ddphdbju5ve,0,0,0.0,0.0005084358134138552
17f69900ffcl0i1z8d2nt7ic89ll99,0,0,0.0,0.0005084358134138552
17f69ddcb7bl0i1z8k1ng5vrva9zl,0,0,0.0,0.0005084358134138552
17f69a7b6cel0i1z8mdm78yqop5r9s,0,0,0.0,0.0005084358134138552
17f69a3148al0i1z8zpm2kxo9k7tsb,0,0,0.0,0.0005084358134138552
17f698d84c6l0i1z9j88aqgzk91xi,0,0,0.0,0.0005084358134138552
17f6973b0dfl0i1z9j8z53v119vieb,0,0,0.0,0.0005084358134138552
17f69580265l0i1z9ldv7cl2ik9fj,0,0,0.0,0.0005084358134138552
17f695b03bcl0i1z9pei7soclm9rrb,0,0,0.0,0.0005084358134138552
17f69d9a17el0i1za4u32e9vwk8fod,0,2,0.0,0.0005084358134138552
17f6964fe20l0i1za7f9d49sepjq0m,0,0,0.0,0.0005084358134138552
17f69648c8cl0i1za89md3xfqou70r,0,0,0.0,0.0005084358134138552
17f69e36ce5l0i1zab98x6rqsnkacj,0,0,0.0,0.0005084358134138552
17f69d428c1l0i1zanj5zzei2c67ey,0,0,0.0,0.0005084358134138552
17f69b54da8l0i1zarwlosa6oatghm,0,0,0.0,0.0005084358134138552
17f696be910l0i1zb6pflfp474bc8t,0,0,0.0,0.0005084358134138552
17f696c4efbl0i1zbbjda4qxmf8kzc,0,1,0.0,0.0005084358134138552
17f69c220f9l0i1zbcayfdgzc5yh2k,0,0,0.0,0.0005084358134138552
17f69b599fbl0i1zbpzd0gjsxcjbp9,0,0,0.0,0.0005084358134138552
17f6961bfa3l0i1zbvsgmyyg8a7as7,0,0,0.0,0.0005084358134138552
17f69af7badl0i1zbxm0vgkl5hrbpb,0,0,0.0,0.0005084358134138552
17f69d94b09l0i1zca6dbwhl4hzv3,0,0,0.0,0.0005084358134138552
17f699cc01dl0i1zcfxbtac79ecrh9,0,0,0.0,0.0005084358134138552
17f698f3124l0i1zcgfoaub4hhz5c,0,0,0.0,0.0005084358134138552
17f6977f601l0i1zcudmlqwbhxvxlg,0,0,0.0,0.0005084358134138552
17f6966acccl0i1zd18qqiub6s1ytp,0,0,0.0,0.0005084358134138552
17f6988025el0i1zd1qoym326hibp8,0,0,0.0,0.0005084358134138552
17f69ce4214l0i1zd7ncu58jp3qh2d,0,0,0.0,0.0005084358134138552
17f6957d138l0i1zddedaluxtisiod,0,0,0.0,0.0005084358134138552
17f69535af1l0i1zdkjerpcqovjl5s,0,0,0.0,0.0005084358134138552
17f69b034fdl0i1zdqd6d630e0zg57,0,0,0.0,0.0005084358134138552
17f698ea0a5l0i1zdvil6p7p73nqco,0,0,0.0,0.0005084358134138552
17f69c5fc0fl0i1ze224rq2oxc9r49,0,1,0.0,0.0005084358134138552
17f69a93cc2l0i1ze8stwtckka37bd,0,0,0.0,0.0005084358134138552
17f69cf9bd0l0i1zec4cc7daag8e6w,0,0,0.0,0.0005084358134138552
17f698fdea2l0i1zeqb3eyjn1dbptq,0,1,0.0,0.0005084358134138552
17f6996b11el0i1zevwdyb7l44ds8u,0,0,0.0,0.0005084358134138552
17f69ac6809l0i1zex4m9c2k1sz6qb,0,0,0.0,0.0005084358134138552
17f6998506bl0i1zf11urklhzx6yy,0,0,0.0,0.0005084358134138552
17f6980d0c8l0i1zf5catnqhzzcq4d,0,0,0.0,0.0005084358134138552
17f696a2658l0i1zfdy9wqeumcm1p5,0,0,0.0,0.0005084358134138552
17f69e20663l0i1zfivaz2gkciocs,0,0,0.0,0.0005084358134138552
17f697ce7a2l0i1zfkaqx67yaqq3in,0,0,0.0,0.0005084358134138552
17f69de8f6el0i1zfmu2hggk0w6xoe,0,0,0.0,0.0005084358134138552
17f69d22004l0i1zg3o0zd1cmdml6u,0,0,0.0,0.0005084358134138552
17f69e461dfl0i1zg4jldt4yjnoys,0,0,0.0,0.0005084358134138552
17f69b0fee6l0i1zg4tyg6lrae4tbe,0,0,0.0,0.0005084358134138552
17f69c179b8l0i1zgf7yrmwlblu65f,0,3,0.0,0.0005084358134138552
17f69ca6512l0i1zgmwo4po0v83oq8,0,0,0.0,0.0005084358134138552
17f69a51206l0i1zgo366ludyegee,0,1,0.0,0.0005084358134138552
17f697db6a5l0i1zgqp6vwj9feu18h,0,0,0.0,0.0005084358134138552
17f69d1dd3cl0i1zh08kyvg85za7ud,0,0,0.0,0.0005084358134138552
17f69baa90dl0i1zh8h3353r1wz8f8,0,0,0.0,0.0005084358134138552
17f699eb929l0i1zhbm10vm1rnqhn0i,0,0,0.0,0.0005084358134138552
17f698e27d3l0i1zhco4l1yq3r6c7x,0,0,0.0,0.0005084358134138552
17f69775681l0i1zhfktji7qpekgeb,0,0,0.0,0.0005084358134138552
17f69cae817l0i1zhm8oiev20icuyf,0,0,0.0,0.0005084358134138552
17f69d93f0bl0i1zi1do78bjwzjpo,0,0,0.0,0.0005084358134138552
17f69a4e1eel0i1zi2q9em38bfes5f,0,0,0.0,0.0005084358134138552
17f698347edl0i1zi4edg1khr0lppf,0,0,0.0,0.0005084358134138552
17f6974b90fl0i1zi5dk04ssmsdf7,0,0,0.0,0.0005084358134138552
17f69c972e4l0i1ziaqbmt5nn2nfxk,0,0,0.0,0.0005084358134138552
17f69b9584al0i1zivdht7fbjv2zjq,0,0,0.0,0.0005084358134138552
17f69b12521l0i1zivlbebkgvvzsal,0,0,0.0,0.0005084358134138552
17f69b4a217l0i1zix90eaz2cyjd06r,0,1,0.0,0.0005084358134138552
17f69aa268al0i1zj0rfdsne7y1g1w,1,0,0.0,0.0009408464658310438
17f69c3ff84l0i1zj2p7ufmf8aagmk,0,0,0.0,0.0005084358134138552
17f69d8aa5fl0i1zjnvamum74phqg,0,1,0.0,0.0005084358134138552
17f69724116l0i1zjot8ai6wb8tnwb,0,1,0.0,0.0005084358134138552
17f69cb38bfl0i1zjpuu6hdk5bkppp,2,1,3.32380067300316e-07,0.0008787202603806953
17f6987a37cl0i1zjt7mvguxdthe1,0,1,0.0,0.0005084358134138552
17f699d2c14l0i1zju94uo7sodfgrt,0,1,0.0,0.0005084358134138552
17f69af87d1l0i1zkawkfivu9nltzr,1,2,3.32380067300316e-07,0.0006165384765181523
17f69cd6520l0i1zkfatyirikr6qrf,1,0,0.0,0.0006308439809059435
17f69b8a1f0l0i1zkh6maq6vqjsba,12,0,0.0,0.006178348122492196
17f696ee91el0i1zkibguxzrhqyozt,1,0,0.0,0.0007246411396224494
17f697afcfel0i1zl4a55avoigqigk,0,1,0.0,0.0005084358134138552
17f697457b4l0i1zl7xxckgmi3o54d,0,0,0.0,0.0005084358134138552
17f69e41af8l0i1zl9gsih5hy2b26m,0,1,0.0,0.0005084358134138552
17f69e533f7l0i1zlczjc9uof4rycd,0,1,0.0,0.0005084358134138552
17f69dfccaal0i1zlsr4o9wdgh17ls,0,0,0.0,0.0005084358134138552
17f694ee235l0i1zm039o3qkxzujg,0,0,0.0,0.0005084358134138552
17f6958b812l0i1zm14qf7ii129s89,0,0,0.0,0.0005084358134138552
17f69a48fbel0i1zm37z2g5pk0abql,0,1,0.0,0.0005084358134138552
17f697fc525l0i1zm3syso1p5cmup,0,0,0.0,0.0005084358134138552
17f699a6aa5l0i1zmh7yprbiqxpkc,1,1,0.0,0.004420891501213266
17f6962fdacl0i1zms0owlgpo23pwd,0,0,0.0,0.0005084358134138552
17f69780e1cl0i1zmv3kagaozf4ptp,0,0,0.0,0.0005084358134138552
17f69a2292al0i1zmwlcpqjohxl42m,0,0,0.0,0.0005084358134138552
17f697e883fl0i1zmygjhgy8ulgnbc,0,0,0.0,0.0005084358134138552
17f69561a93l0i1zn82gmca4ahwx1j,2,0,0.0,0.0008904441677806956
17f69afb0abl0i1znm7l2q4q6i7jle,1,0,0.0,0.0009408464658310438
17f69545b6dl0i1znndlckbc7g9qcc,0,0,0.0,0.0005084358134138552
17f69adc8c9l0i1znnjz2luapkc2u,1,0,0.0,0.0006115127750939431
17f69c92a81l0i1znojgn5a3ut4umv,0,0,0.0,0.0005084358134138552
17f69d9db08l0i1znvqfeg973qx3p,1,0,0.0,0.0005516768786555739
17f6974b67al0i1zo8yaqe8p732yk8,0,0,0.0,0.0005084358134138552
17f6975a9acl0i1zoayos0878n8oh,1,0,0.0,0.0014025194728087774
17f69a2a7e6l0i1zoddtgpi2gkrbkl,0,0,0.0,0.0005084358134138552
17f6997d0c5l0i1zojo2zkr29gi7ww,0,0,0.0,0.0005084358134138552
17f6955cce6l0i1zok9ln4sdjpuv6p,0,0,0.0,0.0005084358134138552
17f69d54061l0i1zouypdn8vlubda,0,0,0.0,0.0005084358134138552
17f6965ed4el0i1zoz7uqkyk6g9g1,1,1,9.97140201900948e-06,0.0005633800986259573
17f6953a99el0i1zp7dxh4533wgeze,1,0,0.0,0.0007706175972763983
17f69aeec5cl0i1zp8vmpfgj1t4xs,0,0,0.0,0.0005084358134138552
17f69a32a0fl0i1zpct4u7kc4ijukf,0,0,0.0,0.0005084358134138552
17f69668249l0i1zpjg8d4bkrce3ta,0,1,0.0,0.0005084358134138552
17f69b3aef4l0i1zpm49uo2xs68exc,0,0,0.0,0.0005084358134138552
17f69d7bfb8l0i1zptnmjls9ovhrv,0,0,0.0,0.0005084358134138552
17f69c024c6l0i1zpx4zat52cu59v,0,0,0.0,0.0005084358134138552
17f699c5c47l0i1zq1zgxhczy5ltgk,0,0,0.0,0.0005084358134138552
17f696f7fe4l0i1zq5oy45bomxbku,0,0,0.0,0.0005084358134138552
17f695feb0fl0i1zq84qhi7rx2s6a,0,0,0.0,0.0005084358134138552
17f699b908dl0i1zqfh6dh62dsp296,0,0,0.0,0.0005084358134138552
17f69c3939bl0i1zqiqmrzf87vvtq,0,0,0.0,0.0005084358134138552
17f696302a8l0i1zqoqze558msc2fj,0,0,0.0,0.0005084358134138552
17f6982bcdal0i1zqvhswyzzak6ajo,0,0,0.0,0.0005084358134138552
17f69a0fa67l0i1zr06cic3ysdb53h,1,0,0.0,0.000652572697552918
17f6956598al0i1zr6fcz3amgdevdi,5,0,0.0,0.002369284211796155
17f69ba3d2dl0i1zr6z6bv5j4psjwb,0,0,0.0,0.0005084358134138552
17f69512556l0i1zrbv0or737s1cnog,0,0,0.0,0.0005084358134138552
17f69e45f5fl0i1zrimb576117xqq,0,1,0.0,0.0005084358134138552
17f69aafa52l0i1zrl8tds5hunxjle,0,0,0.0,0.0005084358134138552
17f699913bal0i1zrucvihxtb6jv7s,0,0,0.0,0.0005084358134138552
17f697e3a12l0i1zruipu7889t5tdp,0,0,0.0,0.0005084358134138552
17f699b03e6l0i1zrzgtoswlr09ws,0,1,0.0,0.0005084358134138552
17f69870be6l0i1zs6qqeo4m0a3u5p,0,0,0.0,0.0005084358134138552
17f6979df4bl0i1zs7fenpk1iotjg,0,0,0.0,0.0005084358134138552
17f69781475l0i1zsfawh03ylws8b,1,0,0.0,0.0006914625261264834
17f6951f0e7l0i1zsksmwnefcweq8s,0,0,0.0,0.0005084358134138552
17f69dd3e15l0i1zspj8og4zvjdfpp,0,0,0.0,0.0005084358134138552
17f6993270fl0i1zsv5nkrr64y1hj,0,0,0.0,0.0005084358134138552
17f69c99adbl0i1zt2xdaz8q3om0rr,0,0,0.0,0.0005084358134138552
17f69802f8al0i1zt4cxwkj4viuw9,1,0,0.0,0.0007246411396224494
17f69c75a2bl0i1zt7vexd3k832oss,0,0,0.0,0.0005084358134138552
17f69613247l0i1ztcd6v9vqg09u1,0,1,0.0,0.0005084358134138552
17f69718064l0i1ztj6zs1ga6awrij,0,0,0.0,0.0005084358134138552
17f69b5fbc8l0i1ztqsut1ylsv5gss,0,0,0.0,0.0005084358134138552
17f69e1972el0i1ztt3nnqscjrmgf,0,0,0.0,0.0005084358134138552
17f69703ba7l0i1ztwp3pff9ealg3j,0,0,0.0,0.0005084358134138552
17f69d75574l0i1ztzpw8w4gi0347p,0,0,0.0,0.0005084358134138552
17f69c5e2f9l0i1zu84zepim5swncf,0,0,0.0,0.0005084358134138552
17f697e103fl0i1zuezwn5gaqyajzs,0,0,0.0,0.0005084358134138552
17f6979b090l0i1zufqn06yc9f7hb7,0,0,0.0,0.0005084358134138552
17f69beefc3l0i1zujz0wn3ingciqnc,0,0,0.0,0.0005084358134138552
17f698e33e7l0i1zuo3ffvwukb3f6c,0,0,0.0,0.0005084358134138552
17f69cb8ebbl0i1zusn8k0dzg2s6gm,0,0,0.0,0.0005084358134138552
17f69bce6eel0i1zv0rrdqfs7qm8yr,0,0,0.0,0.0005084358134138552
17f697039b2l0i1zv6dezjshd2x0g5,0,0,0.0,0.0005084358134138552
17f694e6a2fl0i1zvchdkv8cinr6cb,0,0,0.0,0.0005084358134138552
17f695a52adl0i1zvgus4frzy6auv,1,0,0.0,0.0009408464658310438
17f6970af99l0i1zvoz3gwwbqtju1v,0,1,0.0,0.0005084358134138552
17f69d59ab8l0i1zvubpwttkrksadi,0,1,0.0,0.0005084358134138552
17f69ce1a37l0i1zvzsf1tixw94s9f,0,0,0.0,0.0005084358134138552
17f69bdb926l0i1zw078oxfws6rxdx,0,0,0.0,0.0005084358134138552
17f69db9b82l0i1zw39wz6zngratgd,0,0,0.0,0.0005084358134138552
17f69b99714l0i1zwil9vntjqzg5br,0,0,0.0,0.0005084358134138552
17f69687043l0i1zwohznakihrb9es,0,0,0.0,0.0005084358134138552
17f69b3ed72l0i1zwpf1dtkj8tyj8o,0,0,0.0,0.0005084358134138552
17f69db2b94l0i1zwqrfx488ux3f6q,0,0,0.0,0.0005084358134138552
17f69b51449l0i1zwrsu6aji3lq2sj,0,0,0.0,0.0005084358134138552
17f69ca9998l0i1zx2bs65c7kep4i,0,0,0.0,0.0005084358134138552
17f695e58dal0i1zxcrmxrz0dodtr,0,0,0.0,0.0005084358134138552
17f6964ca94l0i1zxddi20asvh8byj,0,1,0.0,0.0005084358134138552
17f69c39d47l0i1zxgqfco64hbk1nd,8,0,0.0,0.0036822177397162707
17f699d546cl0i1zxh020yg1czr9us,0,1,0.0,0.0005084358134138552
17f697a5074l0i1zxos2qrarphijg9,0,1,0.0,0.0005084358134138552
17f69aced0el0i1zy0licjui6swml,0,1,0.0,0.0005084358134138552
17f696882a6l0i1zy2cfi5283ak1x8,0,1,0.0,0.0005084358134138552
17f6983cd86l0i1zy5lf9rln6u4a6,0,1,0.0,0.0005084358134138552
17f69b1181al0i1zy6tbrd4p8felpt,1,1,1.329520269201264e-06,0.0009408464658310438
17f6982170dl0i1zycb6ugfxopo6ko,0,1,0.0,0.0005084358134138552
17f697c0c48l0i1zynfj6qp34snkn,0,1,0.0,0.0005084358134138552
17f697120eel0i1zysexy9dml5aarj,0,1,0.0,0.0005084358134138552
17f6950f5e5l0i1zyy9pleuxod1dd,0,1,0.0,0.0005084358134138552
17f699d1da5l0i1zz0e2z7fpkkk4b,0,1,0.0,0.0005084358134138552
17f69bbb349l0i1zz39n2i94xzb0c,0,1,0.0,0.0005084358134138552
17f697be6c9l0i1zz7w2cqc6netcxt,0,1,0.0,0.0005084358134138552
17f695281b9l0i1zzkzgdfu3fmw0h7,0,0,0.0,0.0005084358134138552
17f696de995l0i1zzow2rkegmvbu5s,0,0,0.0,0.0005084358134138552
17f69c57af4l0i1zzs199y8izriyrk,1,0,0.0,0.0007246411396224494
17f69cdd48bl0i1zztdzohsxjyagu,0,0,0.0,0.0005084358134138552
17f69bb97c7l0i1zzwzgyd2w1un4it,0,0,0.0,0.0005084358134138552
17f6957231fl0i200708bjcot9sgbg,0,0,0.0,0.0005084358134138552
17f69d999f2l0i200anh3ptqo3sv58,0,1,0.0,0.0005084358134138552
17f69bd730al0i200d10c6jt6jmyjus,1,1,1.329520269201264e-06,0.000652572697552918
17f69cc7cc4l0i200eiqrrphtaqwg,0,1,0.0,0.0005084358134138552
17f698094a4l0i200to6xkgyxul9w5,0,0,0.0,0.0005084358134138552
17f69b4e09el0i200tt07oxggxfz0dp,0,1,0.0,0.0005084358134138552
17f69889ffcl0i200yg02e54y4cfe3i,1,1,6.64760134600632e-07,0.0009408464658310438
17f69b8c28al0i2010m9r41jzo1ap,0,0,0.0,0.0005084358134138552
17f69df1f09l0i2012e482ufurh3wy,0,0,0.0,0.0005084358134138552
17f6964c944l0i201hw2l5522zote8,1,0,0.0,0.0007246411396224494
17f695791c0l0i201jpwndb2ziv7rs,0,0,0.0,0.0005084358134138552
17f69cb286dl0i201ltzsa5s8tqidq,1,0,0.0,0.0009408464658310438
17f697889a5l0i201p4fv8p1iost25,0,0,0.0,0.0005084358134138552
17f69aa4eebl0i201qxnapq8bgdxs,0,0,0.0,0.0005084358134138552
17f6990e974l0i20267ju78azulcz,0,0,0.0,0.0005084358134138552
17f699a816al0i2029cqa1vgu934qm,0,0,0.0,0.0005084358134138552
17f6995d3d0l0i202bb7hvshtg9usl,2,0,0.0,0.0008417386956581574
17f6979a73cl0i202d198w2z4k0iug,0,0,0.0,0.0005084358134138552
17f6982c67cl0i202fvde54suq2f7,1,0,0.0,0.0005817980757376503
17f69b51e87l0i202t1add41xwy9y7,1,0,0.0,0.0005733206682241481
17f69c3de02l0i202x8dtlt8lut0ub,1,1,6.64760134600632e-07,0.000652572697552918
17f69ca14d8l0i202ziztkj1sjb9sa,0,0,0.0,0.0005084358134138552
17f697d3b4dl0i2037x501vy93x619,0,0,0.0,0.0005084358134138552
17f698f3aadl0i2038pwv566m3ddrj,1,0,0.0,0.0006774314393672111
17f69c5468fl0i203fvz09odp0k4pq,1,0,0.0,0.0006239764322745681
17f6968b770l0i203kwq77zbsiq5om,1,0,0.0,0.0013086581270626342
17f69aed689l0i203q40vkjazumcks,1,0,0.0,0.0007246411396224494
17f69881ac4l0i203w68wewtomkibu,1,0,0.0,0.0009408464658310438
17f6997dbc1l0i203xgtsq0upd72xl,0,0,0.0,0.0005084358134138552
17f697d40afl0i2041cta4gx4stl1,0,0,0.0,0.0005084358134138552
17f69ab94aal0i2045kje2bq3ipfkj,0,0,0.0,0.0005084358134138552
17f69e5500bl0i204is3030yvaae9v,1,0,0.0,0.0009408464658310438
17f696a91e6l0i204lxs4hae8avy0g,0,1,0.0,0.0005084358134138552
17f69d76eb3l0i204oq09gkwaowmf68,0,1,0.0,0.0005084358134138552
17f69991a5al0i204r59tm4exdtnr,0,0,0.0,0.0005084358134138552
17f69c0fff6l0i204tptw18qdioh,0,0,0.0,0.0005084358134138552
17f69bd62d1l0i2055wu9b0k4ddvh,2,1,0.0,0.004448092865461322
17f69a35611l0i20597yedxrkvphsh,2,0,0.0,0.0010849833499701066
17f69d455c5l0i205a3k0wzn2ypqle,3,1,6.64760134600632e-07,0.00448335017383082
17f69c02f20l0i205dxwda6n4zguv,0,2,0.0,0.0005084358134138552
17f69a57e1al0i205nrq7r7ejujwwf,0,1,0.0,0.0005084358134138552
17f69799c84l0i205u6lcu7cimt6go,1,0,0.0,0.0005416981712921005
17f697d6e2fl0i205z4701bi2d4i8o,0,0,0.0,0.0005084358134138552
17f69c3d8d6l0i20606xv4qubbfu7p,2,0,0.0,0.0005687495145288254
17f69b3daf5l0i2065ib5jg6rmi10i,1,0,0.0,0.0006952795687191937
17f69b93f33l0i206bj18mqb1lqzvbh,0,0,0.0,0.0005084358134138552
17f6979cd85l0i206pxht9kpknud0h,0,0,0.0,0.0005084358134138552
17f69a99affl0i206qzglzvffjj70w,0,0,0.0,0.0005084358134138552
17f69862ba2l0i206t8hr6feig9ai,0,0,0.0,0.0005084358134138552
17f69c62b71l0i206vv9tbzikgtxl,0,0,0.0,0.0005084358134138552
17f69d12884l0i206zpa4yilhgxhcb,0,0,0.0,0.0005084358134138552
17f699245f7l0i207cf3uiypio9die,0,0,0.0,0.0005084358134138552
17f69b4f8del0i207kzy9ssb5jzjmk,0,0,0.0,0.0005084358134138552
17f69707f53l0i207oh8lu8mjrhphg,0,1,0.0,0.0005084358134138552
17f696d60ffl0i207s3ni82cdzpgc9,0,0,0.0,0.0005084358134138552
17f69a7f529l0i207u8n67m2onfkvg,0,0,0.0,0.0005084358134138552
17f69d4793al0i20803285w1d3ou7g,0,1,0.0,0.0005084358134138552
17f69afd15fl0i208acg0jckcmfrp4,0,0,0.0,0.0005084358134138552
17f69a609b5l0i208e7iwd8rqbtcbm,0,0,0.0,0.0005084358134138552
17f69c98ba8l0i208j7gybwirorhvk,0,0,0.0,0.0005084358134138552
17f698fde01l0i208oj9xgaolt458e,1,0,0.0,0.0005275422449278925
17f69b4efcfl0i208rome3b7ahkojo,1,0,0.0,0.0006245752024305577
17f69a32e39l0i2092ydbzq5izu5c8,0,0,0.0,0.0005084358134138552
17f695a2eeal0i209a1og68zgohdyd,0,0,0.0,0.0005084358134138552
17f69826b90l0i209g5sv9021cx8ik,0,0,0.0,0.0005084358134138552
17f6956fa2el0i209gnb9oi6el6zzg,8,1,1.4624722961213904e-05,0.0046401307568536354
17f69cab719l0i209ibai7z2o5douc,0,0,0.0,0.0005084358134138552
17f698bc780l0i209x9kxpfhp6297c,0,0,0.0,0.0005084358134138552
17f697e1515l0i209ylrbt1feisj3s,0,0,0.0,0.0005084358134138552
17f69ba793cl0i20a5i67qt4pr57t7,0,0,0.0,0.0005084358134138552
17f69dadf19l0i20a83u1x69rwqczk,0,0,0.0,0.0005084358134138552
17f69da909al0i20aqnq0fxca1m5be,1,0,0.0,0.0007246411396224494
17f69a28766l0i20atzgf1lpmg55at,0,0,0.0,0.0005084358134138552
17f69962291l0i20av3l6zm3ggrahd,0,0,0.0,0.0005084358134138552
17f69c601f1l0i20axhgsq56l4d2zi,0,1,0.0,0.0005084358134138552
17f6952825al0i20b9avef4x7252jh,0,0,0.0,0.0005084358134138552
17f697ac7cdl0i20bjoloti5bjijqj,0,0,0.0,0.0005084358134138552
17f69ca8b16l0i20bpl4cjplmus4qq,0,0,0.0,0.0005084358134138552
17f69d110b2l0i20bsbvoeefww2qqn,0,0,0.0,0.0005084358134138552
17f69bbfcedl0i20btp9912bp33pz,0,0,0.0,0.0005084358134138552
17f69ab7dd2l0i20bzz7fy70n87jt3,0,0,0.0,0.0005084358134138552
17f697f2455l0i20c8cp8jdqkuxah,0,0,0.0,0.0005084358134138552
17f695f318dl0i20cgklnlvhdsi89p,0,1,0.0,0.0005084358134138552
17f699e7b9al0i20ch56uunpr2w1ge,0,0,0.0,0.0005084358134138552
17f6983c493l0i20cmftbvnhog3ss,0,0,0.0,0.0005084358134138552
17f69523119l0i20cmm4d46vbtfoav,0,0,0.0,0.0005084358134138552
17f6959831dl0i20d4zgl0vkogk7d,0,0,0.0,0.0005084358134138552
17f69998009l0i20d6pfa4akbg6h3,0,1,0.0,0.0005084358134138552
17f69bcf445l0i20dcnkb0ztuvth8s,0,1,0.0,0.0005084358134138552
17f69ab901fl0i20dd00gtgirm4elci,0,0,0.0,0.0005084358134138552
17f6975e351l0i20de560bjj9cbf17,0,0,0.0,0.0005084358134138552
17f699197bal0i20dpu8p25sz2o9nh,0,0,0.0,0.0005084358134138552
17f69a33a88l0i20dxcmnrdd280sk,1,0,0.0,0.0007444160096888263
17f69b1c0cfl0i20dzpbaidjoa86za,0,0,0.0,0.0005084358134138552
17f6968dc1bl0i20e1dqt7z4wq2k,0,0,0.0,0.0005084358134138552
17f69e2b453l0i20e2ze058fuit5nf,0,0,0.0,0.0005084358134138552
17f69b63b06l0i20ecjxchj0k8a7ig,0,0,0.0,0.0005084358134138552
17f694fccbbl0i20eikwp9uvlqwr6o,0,0,0.0,0.0005084358134138552
17f6967bc44l0i20eky6x7bayh6h3p,4,0,0.0,0.0013732571182482325
17f69ceb2bfl0i20en3jbf94z5kosa,0,2,0.0,0.0005084358134138552
17f698399dcl0i20ezd67kobaongjp,0,2,0.0,0.0005084358134138552
17f698eeca4l0i20ezgtkbf7ugf2gl,4,0,0.0,0.0013732571182482325
17f69c318f1l0i20f46vnxg6mw0oo,0,2,0.0,0.0005084358134138552
17f696c1a6dl0i20f794jlosxy5qdh,0,2,0.0,0.0005084358134138552
17f697add84l0i20fki5ddrc2o8ihq,0,0,0.0,0.0005084358134138552
17f69ae525fl0i20fnhvhwl08ea2v,0,0,0.0,0.0005084358134138552
17f697220e5l0i20fpg2nmulkvdafa,0,0,0.0,0.0005084358134138552
17f69bc7ac3l0i20ftc9ksdvp9o8qh,0,0,0.0,0.0005084358134138552
17f69e575b2l0i20fulh3vipmyxp1k,0,0,0.0,0.0005084358134138552
17f698cb16bl0i20gbiaq4ftcbfq49,0,0,0.0,0.0005084358134138552
17f695367c8l0i20gh6kodyxpb4bfa,0,0,0.0,0.0005084358134138552
17f69a27203l0i20gj45mz73yc4sg4,0,0,0.0,0.0005084358134138552
17f69bcff36l0i20gk66rt5cl1vqfi,0,0,0.0,0.0005084358134138552
17f696f617el0i20gys4sw8juq0vk,0,0,0.0,0.0005084358134138552
17f69bb1c19l0i20h49f2hpdukrxm,0,0,0.0,0.0005084358134138552
17f699b7c79l0i20h77tcma9tlhts7,0,0,0.0,0.0005084358134138552
17f6995aa57l0i20h8jme2bn8796i,0,0,0.0,0.0005084358134138552
17f69e33300l0i20h8vkh9032jtw3e,0,0,0.0,0.0005084358134138552
17f697f7345l0i20hjcfpipdbaa11k,0,0,0.0,0.0005084358134138552
17f69ab2b46l0i20hpb5mikgzabosa,0,0,0.0,0.0005084358134138552
17f69a067a9l0i20hrwf9m77mp3r9h,0,0,0.0,0.0005084358134138552
17f69a3fed5l0i20ht8k8i7pbo9wid,0,0,0.0,0.0005084358134138552
17f6957440dl0i20i4vsxb1msb3o9m,0,0,0.0,0.0005084358134138552
17f6978addbl0i20i7pujapslhmdd,0,0,0.0,0.0005084358134138552
17f69914576l0i20id2ao3vcc91lt,0,0,0.0,0.0005084358134138552
17f6964e6b1l0i20iezdwm31zbocld,0,0,0.0,0.0005084358134138552
17f69dcf918l0i20ijw6kb689st3bl,0,0,0.0,0.0005084358134138552
17f69730a73l0i20ivfxo0h69aodo,1,0,0.0,0.0005416981712921005
17f69c804ccl0i20izz3axyvu3nii,0,0,0.0,0.0005084358134138552
17f69aa1441l0i20j2e37z2mxbx8qt,0,0,0.0,0.0005084358134138552
17f697c721fl0i20j4uws9c44dnb3e,1,1,1.66190033650158e-07,0.0005416981712921005
17f69e2c73dl0i20j8em1vna080i3k,1,0,0.0,0.000560568237696116
17f69561c1fl0i20jhvr6qnfvfnvlt,0,1,0.0,0.0005084358134138552
17f69da9423l0i20jnhwocxfpp5qa,1,0,0.0,0.0005416981712921005
17f69579378l0i20jqwrykv5651bni,0,1,0.0,0.0005084358134138552
17f698018fbl0i20jvm3lnanvufs6e,0,0,0.0,0.0005084358134138552
17f69d744c5l0i20jwe37b04q6po19,1,0,0.0,0.0005416981712921005
17f69836ff1l0i20k414gijjqgw3vk,0,0,0.0,0.0005084358134138552
17f69a367e6l0i20k8hchpm6hmgrlb,0,0,0.0,0.0005084358134138552
17f6973d2b5l0i20kjwc86cu35lbi,1,0,0.0,0.0005416981712921005
17f6951b682l0i20km8uli0fh4xor8,1,0,0.0,0.0005416981712921005
17f69bd68bdl0i20kmor5s3eti9h5o,0,0,0.0,0.0005084358134138552
17f69e3acc0l0i20kqrn0lto40la6k,1,0,0.0,0.0005416981712921005
17f69b88332l0i20kw85k8xxbferva,0,0,0.0,0.0005084358134138552
17f6959a6ccl0i20l8o0t2gzabbv4g,1,0,0.0,0.000560568237696116
17f6955db65l0i20ldhqzkp3n6bm9o,1,1,3.32380067300316e-07,0.0007246411396224494
17f69d587e6l0i20ldq6svu7yi213g,1,1,1.66190033650158e-07,0.0005416981712921005
17f696fcbd8l0i20lfm0397f7x0dt3d,1,1,3.32380067300316e-07,0.0007246411396224494
17f69b0a8d8l0i20liyue9ium4r8va,1,1,1.66190033650158e-07,0.0005416981712921005
17f69880f5cl0i20lxljnhf615863,1,1,1.66190033650158e-07,0.0005416981712921005
17f69d8bccfl0i20m1sbm7hv0g8u8,0,1,0.0,0.0005084358134138552
17f69e058bcl0i20m27gbn17mv4o6o,0,1,0.0,0.0005084358134138552
17f6981aec0l0i20m4sxqx6hk0w1d,0,0,0.0,0.0005084358134138552
17f6992e09fl0i20m5xak4e12nfsnh,0,1,0.0,0.0005084358134138552
17f6988a2dfl0i20ml5uqk4eom5n28,0,1,0.0,0.0005084358134138552
17f69925cc9l0i20mslhcxg8v5za8b,0,0,0.0,0.0005084358134138552
17f69d21105l0i20my2sfysawm3s6,0,0,0.0,0.0005084358134138552
17f69768007l0i20myf597e9ahqzms,1,0,0.0,0.0007246411396224494
17f6985c1ael0i20naf0jklozksdt6c,0,0,0.0,0.0005084358134138552
17f69e2308al0i20nco59qnknn4mrr,0,0,0.0,0.0005084358134138552
17f69c46adfl0i20nko6nvaa9h2a0b,0,0,0.0,0.0005084358134138552
17f698a8a22l0i20noyxxsyz5zu5so,2,0,0.0,0.0007121062324977512
17f69aa13e1l0i20nqh9bxwuds3hsc,0,0,0.0,0.0005084358134138552
17f6974ef59l0i20ny9hi38756cga,0,0,0.0,0.0005084358134138552
17f69c43df5l0i20nyvcaklpb90h3r,0,0,0.0,0.0005084358134138552
17f69aa948fl0i20o647g0tdm01l7r,0,0,0.0,0.0005084358134138552
17f69956f50l0i20oaky1f6im9a4n,0,0,0.0,0.0005084358134138552
17f69643277l0i20ompxk7v2m0l8x,0,0,0.0,0.0005084358134138552
17f69c3b54dl0i20onb616e9092ux7,0,0,0.0,0.0005084358134138552
17f69b6d614l0i20ooikuhjfwair8c,0,0,0.0,0.0005084358134138552
17f6987b884l0i20ots2fyt472bwzt,3,0,0.0,0.0007985152114939782
17f69cd64fel0i20oy5m6swcehuold,13,0,0.0,0.008753770906285225
17f69654396l0i20p99cx76f8d5wud,6,1,5.318081076805056e-06,0.0035933152762257733
17f697d0bfbl0i20pachd1fy9xdd4g,0,0,0.0,0.0005084358134138552
17f696dfdbal0i20pae9ft0yshlqc,0,0,0.0,0.0005084358134138552
17f69b4015al0i20pk8rh0a8hmnisb,0,0,0.0,0.0005084358134138552
17f69d31beal0i20pm932mnql2ncvl,1,0,0.0,0.0009408464658310438
17f69501453l0i20pwobhzqqzb91l,0,1,0.0,0.0005084358134138552
17f696b18f7l0i20py1bglxxi3i3nj,1,0,0.0,0.0007246411396224494
17f698c0fdel0i20q1a623yipgjzvv,3,0,0.0,0.0010324731966021607
17f69691e55l0i20q7wtw4sogfyqw,0,0,0.0,0.0005084358134138552
17f69a0ffaal0i20q99jl7kkmdd88,1,0,0.0,0.0007859430831610478
17f69637dc5l0i20qjwolw4upywy5c,0,0,0.0,0.0005084358134138552
17f69e6def8l0i20qnpvz7bfbof5wa,0,0,0.0,0.0005084358134138552
17f697063a4l0i20qr8q6jyc7jaqe,0,0,0.0,0.0005084358134138552
17f6990bdf6l0i20qullo8dvtakzql,1,0,0.0,0.0009408464658310438
17f696590dfl0i20qw5kp27t1vuxkl,2,0,0.0,0.0014669270205621035
17f69615481l0i20r6ruawgwn5lot,0,0,0.0,0.0005084358134138552
17f6979f70el0i20ra2nrx5nltfkpl,0,1,0.0,0.0005084358134138552
17f6994ecael0i20rfo807kblgeik6,0,1,0.0,0.0005084358134138552
17f69684565l0i20rio3gogqk529,0,0,0.0,0.0005084358134138552
17f69b4ad06l0i20rkg7ujgzd52c6m,1,0,0.0,0.0006051831270998738
17f69db831dl0i20ruam154s50qorb,1,0,0.0,0.0011732750556757879
17f69a2fb8al0i20ry76zl5i6p6jf9,1,0,0.0,0.0006466355844657209
17f69cf6ad5l0i20s2sl4a9t0r9x5,0,0,0.0,0.0005084358134138552
17f697e14d1l0i20s60u9p96fco7up,0,0,0.0,0.0005084358134138552
17f69dab742l0i20s67dnwox3ezoin,0,0,0.0,0.0005084358134138552
17f69d3344dl0i20shwvr1yh8ak6b,1,0,0.0,0.0013086581270626342
17f69786a0dl0i20spggpk96zw6ibw,3,0,0.0,0.001554662760664227
17f69a07a1al0i20ss320opmzoy91l,1,0,0.0,0.0007246411396224494
17f69dc4ee4l0i20stjmv4ysnhcv4,0,1,0.0,0.0005084358134138552
17f6980a33al0i20suxe6cfo440nal,0,0,0.0,0.0005084358134138552
17f69834a0dl0i20t2fkqauq3bcpao,0,0,0.0,0.0005084358134138552
17f69ca09d3l0i20t8ikhdavucxz6k,1,0,0.0,0.0011340831096019488
17f69d4d11cl0i20tbrfcqa6e5d78g,1,0,0.0,0.0007478861541803899
17f6964f00el0i20tppczbaoims4ml,3,0,0.0,0.0019609479795280075
17f69d82f11l0i20tuxkggd95d1j9,4,0,0.0,0.00223807842308261
17f69b7b57fl0i20tzbiubv6jcq8jj,1,0,0.0,0.0009408464658310438
17f69e2024dl0i20u17bo0rakkxt4p,0,0,0.0,0.0005084358134138552
17f69b436a7l0i20u2559dhaojhyu7,0,0,0.0,0.0005084358134138552
17f694ebbfcl0i20uefnopg180rzc,1,0,0.0,0.0009875830407222843
17f698673d9l0i20un1lzoje9e4gk,0,0,0.0,0.0005084358134138552
17f699c789fl0i20upgftqx2gq1t6j,4,0,0.0,0.0018755496939783906
17f69d4a8f9l0i20uswjmcb0cvqoo,5,0,0.0,0.0028152245757493183
17f69bd34d8l0i20uudycdy9olwe3,0,0,0.0,0.0005084358134138552
17f69c4120fl0i20v0co0r953ef5a,5,0,0.0,0.005668852799580698
17f69cce56dl0i20vh7gio2hcq6dd5,1,0,0.0,0.000560955418820043
17f699a6ce0l0i20vkg2lnygo0fg4x,2,0,0.0,0.0008982329278087957
17f69d2a7c6l0i20vpvqzkbel16l5d,6,0,0.0,0.0032690072869128823
17f69b86430l0i20vrtchuof1ye82q,0,0,0.0,0.0005084358134138552
17f69d3d30fl0i20vsmh310ariv4e,3,0,0.0,0.0010989906460017861
17f698fe982l0i20w7mxzp4xobarr,4,0,0.0,0.0010147205377025726
17f695a0052l0i20wco3s88dlvxzg8,0,0,0.0,0.0005084358134138552
17f699334fdl0i20wh9sbxo4bhrft,1,1,9.97140201900948e-06,0.0006909897300907729
17f6973636al0i20whzxvyxnan3jg,0,0,0.0,0.0005084358134138552
17f695d12a2l0i20wj4zy22pjjmjug,2,0,0.0,0.0007121062324977512
17f698700d4l0i20wzka5xr5167mqc,2,0,0.0,0.0014652100335561299
17f69dedfe0l0i20x23pgfjuxqgfz,0,0,0.0,0.0005084358134138552
17f69788047l0i20x6m9m704elzu8q,0,0,0.0,0.0005084358134138552
17f69641acfl0i20x74jhiu021r24,2,0,0.0,0.0027706314728891163
17f697d2225l0i20x95fjwgm1fay3b,0,0,0.0,0.0005084358134138552
17f69e1ba82l0i20xlrxcid1qo6ydb,1,0,0.0,0.0005885587507813637
17f69c35d2cl0i1oh7zuqfb3mdvsj,0,2,0.0,0.0005084358134138552
17f69667224l0i1ohar280aeoxkl6z,0,2,0.0,0.0005084358134138552
17f695c42f0l0i1ohb4cao0qxackpu,2,2,2.659040538402528e-06,0.0013409576226554331
17f69c6388cl0i1ohcb8denrbpuhqs,1,2,1.1224949701399243e-05,0.0007478861541803899
17f699dbb9dl0i1ohfs2g1wqxwja74,0,2,0.0,0.0005084358134138552
17f694ef2f2l0i1ohsk3qoao9ds943,0,3,0.0,0.0005084358134138552
17f699235c3l0i1ohvv1u6vgzp6gxv,0,2,0.0,0.0005084358134138552
17f69b32182l0i1oi3uyg5fkssmhje,0,2,0.0,0.0005084358134138552
17f6980f4d4l0i1oi72p2skbsycy5,0,2,0.0,0.0005084358134138552
17f6963aeael0i1oiez2moleac31tm,0,3,0.0,0.0005084358134138552
17f69aeb629l0i1oifaza9fgo5b598,0,2,0.0,0.0005084358134138552
17f6959fcafl0i1oinkyocipl7tiwk,0,2,0.0,0.0005084358134138552
17f69b8f9edl0i1oitj4z0mizqfmf7,0,2,0.0,0.0005084358134138552
17f699ef109l0i1oj1cqtn6euxicod,1,3,2.283925891020743e-06,0.0005592325768321671
17f698da62dl0i1oj2p6wyeh8vo0to,0,3,0.0,0.0005084358134138552
17f69dd8093l0i1oj6x6qo6tg76q8,1,3,9.97140201900948e-06,0.0008496120998094597
17f69d12746l0i1ojbzxzgz6gfjsi,0,2,0.0,0.0005084358134138552
17f695afa44l0i1ojioyvh48q16qul,0,2,0.0,0.0005084358134138552
17f6968148cl0i1ojrunt1o8v6y34f,0,3,0.0,0.0005084358134138552
17f69dcccffl0i1ojske3hc4ernauj,0,3,0.0,0.0005084358134138552
17f694c87afl0i1ojvhpi9w9ttf21,0,3,0.0,0.0005084358134138552
17f694cf960l0i1ojybdeac0ffxf5,0,2,0.0,0.0005084358134138552
17f694bf0a0l0i1okt1ao6xjlqrmq9,0,2,0.0,0.0005084358134138552
17f69575d35l0i1oktqg9vbv6v8jk,0,2,0.0,0.0005084358134138552
17f695a80d4l0i1okukv5xwwhqcvn,0,2,0.0,0.0005084358134138552
17f69bb71a6l0i1okvek92tqjqy5w,0,2,0.0,0.0005084358134138552
17f694a2cc3l0i1okx1gdd6e5ser2,0,2,0.0,0.0005084358134138552
17f69c91071l0i1olmq0iokptn3hftg,0,2,0.0,0.0005084358134138552
17f6974feb9l0i1olnp61dvex8ugut,0,2,0.0,0.0005084358134138552
17f69d62fd0l0i1olqu110xlsqhiuo,0,2,0.0,0.0005084358134138552
17f6946481al0i1olr8v9h8hxdx439,0,3,0.0,0.0005084358134138552
17f69848f3fl0i1olspoavxf69m81b,0,2,0.0,0.0005084358134138552
17f695e24bel0i1omb3kpapbx2zhn,0,3,0.0,0.0005084358134138552
17f69814033l0i1omfg9fbsxwonld,0,3,0.0,0.0005084358134138552
17f69ba4b74l0i1omi90yu0wdq7oxu,1,2,1.329520269201264e-06,0.0005372631902416678
17f69695544l0i1omj4kim8sh6j5xh,0,2,0.0,0.0005084358134138552
17f69d917e2l0i1omllp8sfqfor6g,0,3,0.0,0.0005084358134138552
17f694bf77bl0i1on5kwkodf1d6fkp,0,3,0.0,0.0005084358134138552
17f69573764l0i1ondtdlwail0224s,0,2,0.0,0.0005084358134138552
17f69b35d86l0i1ongc5nz2ucwimp3,0,1,0.0,0.0005084358134138552
17f697c039cl0i1onh4jupgan4exzn,0,1,0.0,0.0005084358134138552
17f69a7dcc1l0i1oniofe8yzb14ixf,0,2,0.0,0.0005084358134138552
17f69a33564l0i1ons3nh18t7o8nt,0,2,0.0,0.0005084358134138552
17f698fbfe3l0i1onysor0mpgg5yes,0,2,0.0,0.0005084358134138552
17f69469b4bl0i1oo41w96vla79ii,1,2,1.329520269201264e-06,0.0009408464658310438
17f6955e72fl0i1oo4m9kmv2xl4xyk,0,3,0.0,0.0005084358134138552
17f69dc1749l0i1ooc0npawnyrf3d,0,1,0.0,0.0005084358134138552
17f696bf334l0i1oog74vy08h3bq4g,1,2,4.43173423067088e-06,0.001453867039442316
17f698d50ael0i1ooor7m3e3wm1ksn,0,1,0.0,0.0005084358134138552
17f69bd8124l0i1oouetnbxq1rzht,0,2,0.0,0.0005084358134138552
17f699e1bc7l0i1oov82brr35n1ie4,0,3,0.0,0.0005084358134138552
17f695f2cdal0i1oozpti2yx0wz51,0,2,0.0,0.0005084358134138552
17f698e7e0dl0i1op5tj0nigfcedar,0,2,0.0,0.0005084358134138552
17f69a1d79cl0i1opcz0k9omitov0n,1,3,7.030102217105889e-06,0.0005885587507813637
17f69832d19l0i1opiocf2s1b0z8f8,0,3,0.0,0.0005084358134138552
17f69b95f86l0i1opjf3ra8xpdsovo,0,3,0.0,0.0005084358134138552
17f69744d27l0i1opnrem0400k2gsd,0,3,0.0,0.0005084358134138552
17f69ac9f84l0i1opqor2ybht92g9q,0,4,0.0,0.0005084358134138552
17f69d4ff4fl0i1oq3u3wuk37p9n8y,1,3,1.994280403801896e-06,0.0005949179438972928
17f697ea1a4l0i1oq4te6lr8su01zs,0,2,0.0,0.0005084358134138552
17f69d24aefl0i1oq9249e558exazo,0,3,0.0,0.0005084358134138552
17f697d9a68l0i1oqeay5e8bb4oc3g,1,2,1.329520269201264e-06,0.0005290267968622927
17f69c95aedl0i1oqkej3b4sanu0ho,2,2,6.994490067037998e-06,0.0006120941893249291
17f6959a5afl0i1oqpihevj06l1n6f,1,3,1.994280403801896e-06,0.0005702087637591678
17f699cd816l0i1oqxnpfv24k6jntj,1,2,3.3185247989190282e-06,0.0025850507838941312
17f6951db06l0i1or16gi01imzlv6v,1,2,1.329520269201264e-06,0.0006165384765181523
17f69d7bd32l0i1or3zgprsj3kycze,0,2,0.0,0.0005084358134138552
17f695a31bbl0i1orafp8agcajnhoq,0,2,0.0,0.0005084358134138552
17f695e77b1l0i1orcoyco0l9fpi6j,0,3,0.0,0.0005084358134138552
17f69ccaa4al0i1orhsuhv0ll0uko,1,2,1.329520269201264e-06,0.0006165384765181523
17f69cbbed5l0i1orz2seh3xldf6b,0,2,0.0,0.0005084358134138552
17f69d22df5l0i1os1vzj7jka683f,0,2,0.0,0.0005084358134138552
17f69498ae3l0i1os4m19u5e478yu2,0,2,0.0,0.0005084358134138552
17f69908917l0i1os577fp2a0c8n8w,0,3,0.0,0.0005084358134138552
17f694e2077l0i1osqjan4fnttniyc,0,2,0.0,0.0005084358134138552
17f695b60e8l0i1osrls9u8la9bek,0,3,0.0,0.0005084358134138552
17f695e8a95l0i1osvuh2s392bslgf,0,3,0.0,0.0005084358134138552
17f6977fc1al0i1oswu20i8xjh9liqj,0,2,0.0,0.0005084358134138552
17f69d7cf23l0i1osx8dg6r5dybhck,0,2,0.0,0.0005084358134138552
17f69a28357l0i1otefec4u3qjtjve,0,2,0.0,0.0005084358134138552
17f695c221bl0i1oti2aqelikacuj6,0,2,0.0,0.0005084358134138552
17f69913ab4l0i1otlpefqm0g08exp,1,2,1.329520269201264e-06,0.0005503179822436107
17f699693fbl0i1otqw0glcy3u6fp0k,1,2,3.4847148325691853e-06,0.0005551710915704696
17f69ba85cal0i1ou17700c5cqef3i,0,2,0.0,0.0005084358134138552
17f69bb7d32l0i1ou85ft99zwecdel,1,3,1.994280403801896e-06,0.0007246411396224494
17f6959f1adl0i1ou9x8vs08p3u09g,0,2,0.0,0.0005084358134138552
17f69aa066dl0i1ouek4e8nmlybotp,0,2,0.0,0.0005084358134138552
17f69d42419l0i1oujp0m1csaaqdanf,1,3,1.994280403801896e-06,0.0009408464658310438
17f695c23a5l0i1ourjc45t3ot8y0r,0,3,0.0,0.0005084358134138552
17f69538376l0i1ouzstk2t2dod57i,0,2,0.0,0.0005084358134138552
17f69756a35l0i1ov1vi3cb4201sxa,0,3,0.0,0.0005084358134138552
17f69d58e08l0i1ovazqw2hxmxgdc,0,2,0.0,0.0005084358134138552
17f6994d16cl0i1ovl2w2asf8hogd,0,2,0.0,0.0005084358134138552
17f69a01b63l0i1ovq80hzuqcz211pn,0,2,0.0,0.0005084358134138552
17f6986cfc4l0i1ovvz1l7bcfxqjc9,0,2,0.0,0.0005084358134138552
17f69dba532l0i1ow5zn175dgtjn5d,0,3,0.0,0.0005084358134138552
17f69c27224l0i1owfsl4rcc4fgbpe,0,3,0.0,0.0005084358134138552
17f69619348l0i1owhkpnh4pq8aju,0,3,0.0,0.0005084358134138552
17f69568512l0i1owirx8rozwu94e,0,2,0.0,0.0005084358134138552
17f69822bd8l0i1owzfs8dkv6m0tk,0,2,0.0,0.0005084358134138552
17f6961de5dl0i1ox1mrfqv4sj0p5,0,2,0.0,0.0005084358134138552
17f69598b19l0i1ox85gn7f2sgqpad,0,3,0.0,0.0005084358134138552
17f69bdc512l0i1ox8z0tvmo6500lc,0,2,0.0,0.0005084358134138552
17f6958d2a1l0i1oxak1ho6m56edgwi,0,2,0.0,0.0005084358134138552
17f699730a1l0i1oxo8gfllal3rur,0,2,0.0,0.0005084358134138552
17f695cc915l0i1oxrft0i2enqepoe,0,3,0.0,0.0005084358134138552
17f69de7e01l0i1oxypr2s4rzvhwnj,0,1,0.0,0.0005084358134138552
17f69912ed2l0i1oxzumweqnzkb2tl,1,2,1.329520269201264e-06,0.0005516768786555739
17f69d96e43l0i1oy4z04zq0mvzanru,0,2,0.0,0.0005084358134138552
17f69552774l0i1oyd6lwf3vlq0nhn,0,2,0.0,0.0005084358134138552
17f695341ecl0i1oyf1mscsd2tuuid,1,3,1.1300922288210744e-05,0.0006278801971821525
17f6992e218l0i1oykgr0udpp09p3,0,3,0.0,0.0005084358134138552
17f69930219l0i1oytgbre6o33dti,1,2,1.329520269201264e-06,0.0009408464658310438
17f699946f4l0i1oz2nopkhsi7qz5p,0,2,0.0,0.0005084358134138552
17f69c119f0l0i1oz3m7cwvc1jqa6w,0,2,0.0,0.0005084358134138552
17f69d7a8dcl0i1oz4x85o3hhhl069,0,3,0.0,0.0005084358134138552
17f6960232el0i1oz9tjni3i1ghuy,0,2,0.0,0.0005084358134138552
17f6953c900l0i1ozjupz92p99yzi,0,3,0.0,0.0005084358134138552
17f69b2786dl0i1ozt246l3i5ng1n3,0,2,0.0,0.0005084358134138552
17f6960a2b7l0i1ozuak6b667gyiqq,1,2,2.659040538402528e-06,0.0007859430831610478
17f697c8bb1l0i1ozxd3885l5ejmcw,0,3,0.0,0.0005084358134138552
17f69bfdbcdl0i1ozxotkx767c6z5e,0,3,0.0,0.0005084358134138552
17f69d0ae08l0i1p06vghydco2o29u,0,3,0.0,0.0005084358134138552
17f69dea799l0i1p0jj1dc7gc9ooad,1,2,6.17277267843444e-06,0.000558095004262672
17f6967c49cl0i1p0mowlnjq4ufrl,0,3,0.0,0.0005084358134138552
17f695d9e5dl0i1p0otrlfxvt1g9n9,0,2,0.0,0.0005084358134138552
17f695a0063l0i1p0qdogpnbjb7xnf,0,2,0.0,0.0005084358134138552
17f6995e6eel0i1p0ujryl4uvjkiji,0,2,0.0,0.0005084358134138552
17f698cdcd5l0i1p17cuvrv89tk1t,0,2,0.0,0.0005084358134138552
17f69594fd1l0i1p1ad5rxu1z3y9xt,0,2,0.0,0.0005084358134138552
17f69932567l0i1p1g57mgpbxaj4hw,0,2,0.0,0.0005084358134138552
17f69c517f3l0i1p1j5gib5p31b06c,2,2,4.843252409233176e-06,0.0010664945778467699
17f69c940f6l0i1p1noaxeazv2s6xo,0,3,0.0,0.0005084358134138552
17f6962ddb3l0i1p1wgacx8m0mpy3c,0,2,0.0,0.0005084358134138552
17f69a0a0del0i1p1ze2uhbxr6enmw,0,2,0.0,0.0005084358134138552
17f69822237l0i1p270w3dlqvx3kil,0,2,0.0,0.0005084358134138552
17f69bd922al0i1p2frazvyrv41tge,0,2,0.0,0.0005084358134138552
17f696240e3l0i1p2l8nsbm1tuf3kq,1,2,1.329520269201264e-06,0.0007246411396224494
17f699a5bafl0i1p2louzpgjcml2zi,0,2,0.0,0.0005084358134138552
17f698a1aa2l0i1p2ttzr3kqvtkrqo,1,2,1.4960268552964698e-05,0.0006440554127969954
17f69aff1efl0i1p2xlel2i8mhvc2o,0,2,0.0,0.0005084358134138552
17f694ec20bl0i1p34h48fycewmkr1,0,2,0.0,0.0005084358134138552
17f69727d35l0i1p3af7vawzb2qx4v,0,3,0.0,0.0005084358134138552
17f69ba8511l0i1p3aular3j6um6ed,0,2,0.0,0.0005084358134138552
17f6967c4f3l0i1p3l1xull5qamw2,0,2,0.0,0.0005084358134138552
17f696abc5el0i1p3mxdl2nf7g3wsu,0,3,0.0,0.0005084358134138552
17f6948ce42l0i1p3rnqwtrftgh5gg,0,3,0.0,0.0005084358134138552
17f6949e9bbl0i1p3z882yhinlaqxj,0,3,0.0,0.0005084358134138552
17f69b0a1dcl0i1p3zvfkgywidwr2,0,3,0.0,0.0005084358134138552
17f6965c8c7l0i1p4ca48460ednlrf,0,2,0.0,0.0005084358134138552
17f6995c642l0i1p4de8g3enadtufs,0,3,0.0,0.0005084358134138552
17f69a8d915l0i1p4kqv889wy4d4vc,0,2,0.0,0.0005084358134138552
17f6995269el0i1p4oqujogklpkccd,0,2,0.0,0.0005084358134138552
17f698d80fal0i1p4tl3fnkays6xcs,0,2,0.0,0.0005084358134138552
17f69c84a0fl0i1p53njeg78jpm83g,0,2,0.0,0.0005084358134138552
17f696c3869l0i1p57ui4dkke1j2lb,0,2,0.0,0.0005084358134138552
17f69958ad2l0i1p5cvrojl4ty52zs,0,2,0.0,0.0005084358134138552
17f69914456l0i1p5gc8d6bi642ubp,1,3,1.994280403801896e-06,0.0007246411396224494
17f69a3766al0i1p5jn27ea0xazje3,0,3,0.0,0.0005084358134138552
17f6961c7efl0i1p5tbamvedpnmzx4,1,1,1.209494133787261e-06,0.0010477235263773254
17f69aa76b3l0i1p5w4xa7tbhq0qit,0,3,0.0,0.0005084358134138552
17f6971ad09l0i1p698i6hg5fqq3ir,0,3,0.0,0.0005084358134138552
17f69a34499l0i1p69mtmqzfrxa7b,0,3,0.0,0.0005084358134138552
17f69a18c12l0i1p6irjv6m8ue2f5,0,3,0.0,0.0005084358134138552
17f69af1239l0i1p6tbsakd85i69of,1,3,1.994280403801896e-06,0.0007246411396224494
17f6998ff30l0i1p6uu73zw546f13u,0,2,0.0,0.0005084358134138552
17f69c19b1al0i1p77ig6czaoxosd,1,3,1.994280403801896e-06,0.0009408464658310438
17f69d938dal0i1p7cva71qgpwuo6w,0,2,0.0,0.0005084358134138552
17f69d64ed7l0i1p7jmmtge0ag3i4,1,2,6.64760134600632e-07,0.0007246411396224494
17f69d8a812l0i1p7s9xmq3zqql69,0,3,0.0,0.0005084358134138552
17f69d4d41el0i1p7vs0vjortsg7oc,1,3,2.283925891020743e-06,0.0005592325768321671
17f6998e2a7l0i1p8fxd6bbyw83nts,0,2,0.0,0.0005084358134138552
17f696b2b4al0i1p8ly2eaf2vbepd6,0,2,0.0,0.0005084358134138552
17f69a4b70bl0i1p8n5ha1qpziq1xg,0,2,0.0,0.0005084358134138552
17f698a6131l0i1p8u3hufx2lc7nr,1,2,2.9861447316187117e-06,0.0010477235263773254
17f6991e5c5l0i1p8vp4fgo45r89ky,1,2,1.329520269201264e-06,0.0005416981712921005
17f694ee743l0i1p9ku7l29fh314nu,0,2,0.0,0.0005084358134138552
17f6962a77bl0i1p9nswfravtg3kil,0,2,0.0,0.0005084358134138552
17f6959d46el0i1p9thpf3fa8syut,0,1,0.0,0.0005084358134138552
17f6973b001l0i1p9v6qffivf6eh3,1,3,1.994280403801896e-06,0.0007246411396224494
17f69afd8dcl0i1p9y9s33uzxd9fek,0,2,0.0,0.0005084358134138552
17f69869f89l0i1panhih63470rmve,0,3,0.0,0.0005084358134138552
17f6984431bl0i1papfl53ticoff4p,0,2,0.0,0.0005084358134138552
17f69c95d75l0i1paugymrcjquua4q,1,2,2.659040538402528e-06,0.0007138746410915164
17f69884882l0i1pawmnlwtwvbmm8,0,2,0.0,0.0005084358134138552
17f69c725a8l0i1pay72k5pcw8pvc6,0,2,0.0,0.0005084358134138552
17f69a7bbbcl0i1pbo28bmzr0t6jyp,0,2,0.0,0.0005084358134138552
17f69a5df3cl0i1pboo1un3fj711tg,1,3,2.283925891020743e-06,0.0005592325768321671
17f696774f3l0i1pbvceygv4mkw0d7,0,2,0.0,0.0005084358134138552
17f694ca651l0i1pbx2gimykg3587g,0,2,0.0,0.0005084358134138552
17f694bb057l0i1pc726b2jy8z22n,0,1,0.0,0.0005084358134138552
17f699d1084l0i1pcmssd76cdlcjqk,0,2,0.0,0.0005084358134138552
17f69a22461l0i1pcneoqys4gxbav,0,2,0.0,0.0005084358134138552
17f69aced5el0i1pcsbypcz3lxclfq,0,3,0.0,0.0005084358134138552
17f69d6e6e0l0i1pctcpzxxaoxt1wc,0,2,0.0,0.0005084358134138552
17f69b676c4l0i1pcy677icvt5r8m9,1,2,1.329520269201264e-06,0.0007246411396224494
17f695571bbl0i1pdcktfpfya20p2,0,1,0.0,0.0005084358134138552
17f6980f9d0l0i1pdddh1p7a12vqnc,1,3,1.1965682422811377e-05,0.0010113959921497547
17f69b63034l0i1pdhypowirop759,0,2,0.0,0.0005084358134138552
17f69b7f413l0i1pdlfnyqleuyg0fm,0,2,0.0,0.0005084358134138552
17f6984dcccl0i1pdm4f6od648mce,0,2,0.0,0.0005084358134138552
17f6976dccbl0i1pdxa3y1gcjkryhw,0,1,0.0,0.0005084358134138552
17f69987c03l0i1pdyutp139wmu1sh,0,3,0.0,0.0005084358134138552
17f696cbcb2l0i1pe89fm2alskh2df,0,2,0.0,0.0005084358134138552
17f6969f10el0i1pecne5vzed6lx56,1,2,1.7726936922683519e-06,0.0005861335691244332
17f699a14b1l0i1pekzisiwkpul53i,0,2,0.0,0.0005084358134138552
17f69cd8a23l0i1peugvwepjdkaqh,0,2,0.0,0.0005084358134138552
17f69728e6al0i1peyh4scwxfhl357,0,2,0.0,0.0005084358134138552
17f69667faal0i1pezui5k6y6r0fin,0,2,0.0,0.0005084358134138552
17f69513a8al0i1pf3ozolljjevfk,0,3,0.0,0.0005084358134138552
17f6946d08bl0i1pfb4sevs913hvu,1,3,4.335502287376312e-05,0.0007465872943977554
17f69a10accl0i1pfj7uwvc9kzei7d,1,3,1.994280403801896e-06,0.000652572697552918
17f69c558e4l0i1pfn93tt9wcpo0di,0,2,0.0,0.0005084358134138552
17f69d611efl0i1pfqtebu0oq2b2w4,0,2,0.0,0.0005084358134138552
17f6994d14el0i1pfsvoe12uhfhqnc,0,2,0.0,0.0005084358134138552
17f69b492f2l0i1pg02g5smf5kummp,0,2,0.0,0.0005084358134138552
17f6971cafal0i1pg8ls91ef3yrf8r,0,2,0.0,0.0005084358134138552
17f69491311l0i1pgceffu5ll8sovn,0,2,0.0,0.0005084358134138552
17f6976f477l0i1pgfgwmdenvupj5,0,2,0.0,0.0005084358134138552
17f69502a09l0i1pgjcmg5igz1j0mr,0,2,0.0,0.0005084358134138552
17f69920f78l0i1pgs2yaxn0jafxk,0,1,0.0,0.0005084358134138552
17f697b3423l0i1pgz84q3gg342rvu,0,3,0.0,0.0005084358134138552
17f69abddefl0i1ph323xr196zcpc,0,3,0.0,0.0005084358134138552
17f699368ccl0i1ph45qf42ty540od,0,2,0.0,0.0005084358134138552
17f69bbd392l0i1ph9qxgols7hl7qc,0,2,0.0,0.0005084358134138552
17f6995ccbfl0i1phh558cbgycwuo,0,2,0.0,0.0005084358134138552
17f697c0b2dl0i1phqrezjlqqlunoa,0,2,0.0,0.0005084358134138552
17f69d76aa8l0i1phsgjq5azzb5g1,0,2,0.0,0.0005084358134138552
17f69746125l0i1phti5gxbjc1nfhx,0,1,0.0,0.0005084358134138552
17f698bacafl0i1phz3om56qt5bqof,0,1,0.0,0.0005084358134138552
17f697307d1l0i1pi6qvgmp5wuhmk,0,2,0.0,0.0005084358134138552
17f69885c93l0i1pihpfc550piu1x,0,5,0.0,0.0005084358134138552
17f697047a0l0i1pik0le4bp23xal,0,2,0.0,0.0005084358134138552
17f69bba35dl0i1pilsvl3r9ub4cf9,0,2,0.0,0.0005084358134138552
17f69a617edl0i1piq3kor6g6xs3ql,0,3,0.0,0.0005084358134138552
17f69b1e4cfl0i1piuurxtzf8019c,0,3,0.0,0.0005084358134138552
17f698971dfl0i1pja9443dg722bb3,0,2,0.0,0.0005084358134138552
17f694b74eel0i1pjc1y7lp7e97wy,0,2,0.0,0.0005084358134138552
17f698acb69l0i1pjffhe1kjzha5v,0,3,0.0,0.0005084358134138552
17f6975ef77l0i1pjgwds05239gwag,0,2,0.0,0.0005084358134138552
17f69d10518l0i1pjt3166nis69mk9,1,3,6.3653420825052575e-06,0.0005885587507813637
17f6993e936l0i1pjyhfk7vfpgc8ce,0,2,0.0,0.0005084358134138552
17f69b7874el0i1pk0zpdda5qgjzi,0,2,0.0,0.0005084358134138552
17f6963cc83l0i1pk36gu3e5f8fpxm,1,3,7.0907747690734075e-06,0.0006581635176949151
17f69ac78dcl0i1pke5of594dboffh,1,3,1.994280403801896e-06,0.0005702087637591678
17f6975dd97l0i1pkiw33ipbj1wu2d,0,1,0.0,0.0005084358134138552
17f69c12977l0i1pkr6s0g1o7v5kz,0,3,0.0,0.0005084358134138552
17f698a34afl0i1pku2sj7lswv0zy,0,2,0.0,0.0005084358134138552
17f697d5fe2l0i1pkvirys2xrxe0un,0,2,0.0,0.0005084358134138552
17f69a84ec9l0i1pl7rf93vq4jlbt8,0,2,0.0,0.0005084358134138552
17f699b4949l0i1plb5z4sznm17g7p,0,2,0.0,0.0005084358134138552
17f696356b4l0i1pljd3dmbyei0rzd,0,2,0.0,0.0005084358134138552
17f69b31ef4l0i1plkiau08p955pt5,1,2,3.4847148325691853e-06,0.0005551710915704696
17f6953c2f2l0i1pltkmb7nxuvfxgo,0,2,0.0,0.0005084358134138552
17f697020ddl0i1pm0mkycj3pyzli7,0,3,0.0,0.0005084358134138552
17f69523142l0i1pm7iurzr5rt7vpb,1,2,1.329520269201264e-06,0.0007246411396224494
17f69d1c283l0i1pm7km9k4n9hesqp,0,1,0.0,0.0005084358134138552
17f69dcdeb9l0i1pmay6pw29q0kz9j,0,4,0.0,0.0005084358134138552
17f69b44345l0i1pmq6va882h9uvf,0,3,0.0,0.0005084358134138552
17f69b32328l0i1pmuqj0u81mxsett,0,3,0.0,0.0005084358134138552
17f698685e3l0i1pmwzhhrnhxcf81,0,3,0.0,0.0005084358134138552
17f69aa244al0i1pmyf54x5qm8xb1r,0,3,0.0,0.0005084358134138552
17f6997d3a3l0i1pn2970lts73cbnn,0,2,0.0,0.0005084358134138552
17f69d2e16cl0i1pndl0cqdeg1df40a,0,1,0.0,0.0005084358134138552
17f6976fa7el0i1pnla0wdjcpf4iqvm,0,1,0.0,0.0005084358134138552
17f69b005b3l0i1pnmcmlgow749t19,1,2,2.764558020085168e-06,0.0007024463214487803
17f69d445cel0i1pnsmtteechmemmd,0,3,0.0,0.0005084358134138552
17f697a64ccl0i1pnuagdt1sfmx0pk,0,1,0.0,0.0005084358134138552
17f69747395l0i1po2ze4jsp35ms3t,0,2,0.0,0.0005084358134138552
17f69c6c09el0i1poegki2ecno2vw,0,2,0.0,0.0005084358134138552
17f6990b8f9l0i1poeub82lv32r18o,1,2,2.659040538402528e-06,0.0005249749709980126
17f69d58854l0i1pom1ferfthsgsd,0,2,0.0,0.0005084358134138552
17f697b4c08l0i1pomqr1pxcel70uf,1,2,1.329520269201264e-06,0.0009408464658310438
17f69a8a231l0i1potleffsoj8ycfb,0,2,0.0,0.0005084358134138552
17f69a2e19cl0i1pp06n0kd7rxesjl,0,2,0.0,0.0005084358134138552
17f6999d8b5l0i1pp5phyiipgx4eoi,0,2,0.0,0.0005084358134138552
17f69c23d73l0i1ppcoi0x9lzm1frn,0,2,0.0,0.0005084358134138552
17f69762fd7l0i1ppfr1nudb4uz853,0,3,0.0,0.0005084358134138552
17f69ca18e3l0i1pplg1qd5hx85vfgj,0,3,0.0,0.0005084358134138552
17f694a60fal0i1pprpdod0sn0veh,0,2,0.0,0.0005084358134138552
17f69cf8934l0i1ppuzogdnseu6l7f,0,3,0.0,0.0005084358134138552
17f69528e34l0i1pq5pn4dg3bbkmj,1,2,3.114876059271533e-06,0.0005791031463923859
17f69a2b9c8l0i1pqbpbbyiylafnx,0,2,0.0,0.0005084358134138552
17f69d7ad55l0i1pqhdj20wzeg63ts,0,3,0.0,0.0005084358134138552
17f695e037bl0i1pqkyetqd7zbu8l,1,2,6.64760134600632e-07,0.0007246411396224494
17f69a3190el0i1pqs4x6j5c6xpye,1,3,2.283925891020743e-06,0.0005592325768321671
17f698bc778l0i1pqyr7r7agoq3o5d,0,1,0.0,0.0005084358134138552
17f696c1ee3l0i1pr4ayhpbcwld3pn,0,2,0.0,0.0005084358134138552
17f69b42027l0i1prapddaur3pdili,0,2,0.0,0.0005084358134138552
17f69a1045al0i1prfggf7geafalun,0,1,0.0,0.0005084358134138552
17f69aaf476l0i1prkfafl8jets7wh,0,2,0.0,0.0005084358134138552
17f69ace310l0i1proreclwz3grgz,0,2,0.0,0.0005084358134138552
17f69aff56dl0i1przmnvkw34pmvm,0,3,0.0,0.0005084358134138552
17f69afb6c2l0i1ps6dducecpwa4m,0,2,0.0,0.0005084358134138552
17f69c5e336l0i1ps8m2w27as1vumo,0,3,0.0,0.0005084358134138552
17f69aa2722l0i1ps9o8lwz4rprn29,0,2,0.0,0.0005084358134138552
17f69657dc0l0i1psc1sw2ehitb9m,0,3,0.0,0.0005084358134138552
17f69dc134al0i1psnm7v5asqrwh7g,0,2,0.0,0.0005084358134138552
17f69b4d221l0i1psy7bxk9acqs5xv,0,3,0.0,0.0005084358134138552
17f69c5bf40l0i1pszirywq0wqy1l,0,1,0.0,0.0005084358134138552
17f69d7e396l0i1pt3tuf213zcu8u,0,2,0.0,0.0005084358134138552
17f699989edl0i1pt44dx2gkj49me6,0,2,0.0,0.0005084358134138552
17f69571714l0i1ptc8s1fsagr8zf,0,2,0.0,0.0005084358134138552
17f69c5c0bfl0i1ptlhsrovoc8dx07,0,3,0.0,0.0005084358134138552
17f694eefe9l0i1pto8dn7ezy61a99,1,2,2.8432740614204175e-05,0.0010495646023567407
17f696af19bl0i1ptpv0fdawl72o4yq,0,3,0.0,0.0005084358134138552
17f69691044l0i1ptyliubsc1c29o9,0,2,0.0,0.0005084358134138552
attribute:str,301,0,0.0,0.06773882236586855
attribute:dex,264,0,0.0,0.05549813883179981
attribute:arc,15,0,0.0,0.003008404101349331
attribute:int,52,0,0.0,0.009346023762837032
attribute:fai,54,0,0.0,0.010277581144719465
attribute:-,9,0,0.0,0.0018890909733106274
